-1.4998e-08,-7.15256e-10
-1.4978e-08,-0.0015
-1.4958e-08,-0.00351563
-1.4938e-08,-0.00557813
-1.4918e-08,-0.00725
-1.4898e-08,-0.008
-1.4878e-08,-0.00757813
-1.4858e-08,-0.006125
-1.4838e-08,-0.00410938
-1.4818e-08,-0.00195313
-1.4798e-08,-7.15256e-10
-1.4778e-08,0.00109375
-1.4758e-08,0.001375
-1.4738e-08,0.0011875
-1.4718e-08,0.000624999
-1.4698e-08,-7.15256e-10
-1.4678e-08,-0.000187501
-1.4658e-08,-0.000171876
-1.4638e-08,-4.68757e-05
-1.4618e-08,0.000124999
-1.4598e-08,-7.15256e-10
-1.4578e-08,-0.000640626
-1.4558e-08,-0.00151563
-1.4538e-08,-0.0025
-1.4518e-08,-0.003375
-1.4498e-08,-0.004
-1.4478e-08,-0.00417188
-1.4458e-08,-0.00403125
-1.4438e-08,-0.00390625
-1.4418e-08,-0.00385938
-1.4398e-08,-0.004
-1.4378e-08,-0.00459375
-1.4358e-08,-0.00510938
-1.4338e-08,-0.0053125
-1.4318e-08,-0.00504688
-1.4298e-08,-0.004
-1.4278e-08,-0.00215625
-1.4258e-08,-7.81257e-05
-1.4238e-08,0.0019375
-1.4218e-08,0.00345312
-1.4198e-08,0.004
-1.4178e-08,0.00340625
-1.4158e-08,0.001875
-1.4138e-08,-0.000125001
-1.4118e-08,-0.00220313
-1.4098e-08,-0.004
-1.4078e-08,-0.005
-1.4058e-08,-0.00521875
-1.4038e-08,-0.00503125
-1.4018e-08,-0.00453125
-1.3998e-08,-0.004
-1.3978e-08,-0.00392188
-1.3958e-08,-0.00401563
-1.3938e-08,-0.00414063
-1.3918e-08,-0.00423438
-1.3898e-08,-0.004
-1.3878e-08,-0.00329688
-1.3858e-08,-0.002375
-1.3838e-08,-0.00135938
-1.3818e-08,-0.000468751
-1.3798e-08,-7.15256e-10
-1.3778e-08,-0.000109376
-1.3758e-08,-0.000765626
-1.3738e-08,-0.00176563
-1.3718e-08,-0.00290625
-1.3698e-08,-0.004
-1.3678e-08,-0.00475
-1.3658e-08,-0.00503125
-1.3638e-08,-0.00495313
-1.3618e-08,-0.00457813
-1.3598e-08,-0.004
-1.3578e-08,-0.00348438
-1.3558e-08,-0.00314063
-1.3538e-08,-0.00309375
-1.3518e-08,-0.00335938
-1.3498e-08,-0.004
-1.3478e-08,-0.004875
-1.3458e-08,-0.00582813
-1.3438e-08,-0.00679688
-1.3418e-08,-0.00757813
-1.3398e-08,-0.008
-1.3378e-08,-0.00809375
-1.3358e-08,-0.00765625
-1.3338e-08,-0.00676563
-1.3318e-08,-0.00554688
-1.3298e-08,-0.004
-1.3278e-08,-0.00242188
-1.3258e-08,-0.001125
-1.3238e-08,-0.000203126
-1.3218e-08,0.000203124
-1.3198e-08,-7.15256e-10
-1.3178e-08,-0.000671876
-1.3158e-08,-0.00167188
-1.3138e-08,-0.00267188
-1.3118e-08,-0.00346875
-1.3098e-08,-0.004
-1.3078e-08,-0.00407813
-1.3058e-08,-0.00389063
-1.3038e-08,-0.00371875
-1.3018e-08,-0.0036875
-1.2998e-08,-0.004
-1.2978e-08,-0.0048125
-1.2958e-08,-0.0058125
-1.2938e-08,-0.00682813
-1.2918e-08,-0.00765625
-1.2898e-08,-0.008
-1.2878e-08,-0.00773438
-1.2858e-08,-0.00696875
-1.2838e-08,-0.00595313
-1.2818e-08,-0.00490625
-1.2798e-08,-0.004
-1.2778e-08,-0.0035625
-1.2758e-08,-0.0035
-1.2738e-08,-0.00364063
-1.2718e-08,-0.00392188
-1.2698e-08,-0.004
-1.2678e-08,-0.00373438
-1.2658e-08,-0.003125
-1.2638e-08,-0.0021875
-1.2618e-08,-0.00109375
-1.2598e-08,-7.15256e-10
-1.2578e-08,0.000890624
-1.2558e-08,0.00134375
-1.2538e-08,0.00134375
-1.2518e-08,0.000906249
-1.2498e-08,-7.15256e-10
-1.2478e-08,-0.0011875
-1.2458e-08,-0.00234375
-1.2438e-08,-0.00332813
-1.2418e-08,-0.0039375
-1.2398e-08,-0.004
-1.2378e-08,-0.00359375
-1.2358e-08,-0.00275
-1.2338e-08,-0.00175
-1.2318e-08,-0.000796876
-1.2298e-08,-7.15256e-10
-1.2278e-08,0.000328124
-1.2258e-08,0.000328124
-1.2238e-08,0.000218749
-1.2218e-08,7.81243e-05
-1.2198e-08,-7.15256e-10
-1.2178e-08,0.000203124
-1.2158e-08,0.000421874
-1.2138e-08,0.000531249
-1.2118e-08,0.000453124
-1.2098e-08,-7.15256e-10
-1.2078e-08,-0.000937501
-1.2058e-08,-0.00201563
-1.2038e-08,-0.00303125
-1.2018e-08,-0.00378125
-1.1998e-08,-0.004
-1.1978e-08,-0.00357813
-1.1958e-08,-0.0026875
-1.1938e-08,-0.001625
-1.1918e-08,-0.000625001
-1.1898e-08,-7.15256e-10
-1.1878e-08,-1.56257e-05
-1.1858e-08,-0.000609376
-1.1838e-08,-0.00160938
-1.1818e-08,-0.0028125
-1.1798e-08,-0.004
-1.1778e-08,-0.00485938
-1.1758e-08,-0.00521875
-1.1738e-08,-0.00520313
-1.1718e-08,-0.00478125
-1.1698e-08,-0.004
-1.1678e-08,-0.00317188
-1.1658e-08,-0.0023125
-1.1638e-08,-0.00142188
-1.1618e-08,-0.000656251
-1.1598e-08,-7.15256e-10
-1.1578e-08,0.000546874
-1.1558e-08,0.000812499
-1.1538e-08,0.000812499
-1.1518e-08,0.000578124
-1.1498e-08,-7.15256e-10
-1.1478e-08,-0.000750001
-1.1458e-08,-0.00160938
-1.1438e-08,-0.00251563
-1.1418e-08,-0.00332813
-1.1398e-08,-0.004
-1.1378e-08,-0.00451563
-1.1358e-08,-0.00471875
-1.1338e-08,-0.00467188
-1.1318e-08,-0.00442188
-1.1298e-08,-0.004
-1.1278e-08,-0.00351563
-1.1258e-08,-0.00315625
-1.1238e-08,-0.00310938
-1.1218e-08,-0.00340625
-1.1198e-08,-0.004
-1.1178e-08,-0.00490625
-1.1158e-08,-0.00559375
-1.1138e-08,-0.00576563
-1.1118e-08,-0.00532813
-1.1098e-08,-0.004
-1.1078e-08,-0.00189063
-1.1058e-08,0.000390624
-1.1038e-08,0.00240625
-1.1018e-08,0.00375
-1.0998e-08,0.004
-1.0978e-08,0.00301562
-1.0958e-08,0.00120312
-1.0938e-08,-0.000890626
-1.0918e-08,-0.00276563
-1.0898e-08,-0.004
-1.0878e-08,-0.004125
-1.0858e-08,-0.003375
-1.0838e-08,-0.00220313
-1.0818e-08,-0.000921876
-1.0798e-08,-7.15256e-10
-1.0778e-08,-7.15256e-10
-1.0758e-08,-0.000671876
-1.0738e-08,-0.00176563
-1.0718e-08,-0.00303125
-1.0698e-08,-0.004
-1.0678e-08,-0.00428125
-1.0658e-08,-0.00384375
-1.0638e-08,-0.00282813
-1.0618e-08,-0.00145313
-1.0598e-08,-7.15256e-10
-1.0578e-08,0.00110937
-1.0558e-08,0.00164062
-1.0538e-08,0.001625
-1.0518e-08,0.0010625
-1.0498e-08,-7.15256e-10
-1.0478e-08,-0.00125
-1.0458e-08,-0.00245313
-1.0438e-08,-0.00342188
-1.0418e-08,-0.00398438
-1.0398e-08,-0.004
-1.0378e-08,-0.00357813
-1.0358e-08,-0.00275
-1.0338e-08,-0.00176563
-1.0318e-08,-0.000812501
-1.0298e-08,-7.15256e-10
-1.0278e-08,0.000468749
-1.0258e-08,0.000578124
-1.0238e-08,0.000499999
-1.0218e-08,0.000265624
-1.0198e-08,-7.15256e-10
-1.0178e-08,-0.000109376
-1.0158e-08,-0.000109376
-1.0138e-08,-4.68757e-05
-1.0118e-08,7.81243e-05
-1.0098e-08,-7.15256e-10
-1.0078e-08,-0.000328126
-1.0058e-08,-0.000906251
-1.0038e-08,-0.0018125
-1.0018e-08,-0.00289063
-9.99799e-09,-0.004
-9.97799e-09,-0.00504688
-9.95799e-09,-0.005625
-9.93799e-09,-0.00570313
-9.91799e-09,-0.00521875
-9.89799e-09,-0.004
-9.87799e-09,-0.00232813
-9.85799e-09,-0.000468751
-9.83799e-09,0.00142187
-9.81799e-09,0.00298437
-9.79799e-09,0.004
-9.77799e-09,0.00435937
-9.75799e-09,0.00390625
-9.73799e-09,0.00292187
-9.71799e-09,0.00159375
-9.69799e-09,-7.15256e-10
-9.67799e-09,-0.00142188
-9.65799e-09,-0.00251563
-9.63799e-09,-0.00334375
-9.61799e-09,-0.0038125
-9.59799e-09,-0.004
-9.57799e-09,-0.00409375
-9.55799e-09,-0.00401563
-9.53799e-09,-0.00396875
-9.51799e-09,-0.00398438
-9.49799e-09,-0.004
-9.47799e-09,-0.0040625
-9.45799e-09,-0.004125
-9.43799e-09,-0.00417188
-9.41799e-09,-0.00417188
-9.39799e-09,-0.004
-9.37799e-09,-0.00371875
-9.35799e-09,-0.00317188
-9.33799e-09,-0.00232813
-9.31799e-09,-0.00128125
-9.29799e-09,-7.15256e-10
-9.27799e-09,0.00132812
-9.25799e-09,0.0024375
-9.23799e-09,0.00335937
-9.21799e-09,0.00392187
-9.19799e-09,0.004
-9.17799e-09,0.00370312
-9.15799e-09,0.00301562
-9.13799e-09,0.0020625
-9.11799e-09,0.00103125
-9.09799e-09,-7.15256e-10
-9.07799e-09,-0.000890626
-9.05799e-09,-0.00134375
-9.03799e-09,-0.0013125
-9.01799e-09,-0.000828126
-8.99799e-09,-7.15256e-10
-8.97799e-09,0.000953124
-8.95799e-09,0.00164062
-8.93799e-09,0.00179687
-8.91799e-09,0.0013125
-8.89799e-09,-7.15256e-10
-8.87799e-09,-0.002
-8.85799e-09,-0.00415625
-8.83799e-09,-0.00614063
-8.81799e-09,-0.0075625
-8.79799e-09,-0.008
-8.77799e-09,-0.00739063
-8.75799e-09,-0.00585938
-8.73799e-09,-0.00382813
-8.71799e-09,-0.00173438
-8.69799e-09,-7.15256e-10
-8.67799e-09,0.000906249
-8.65799e-09,0.000765624
-8.63799e-09,-0.000250001
-8.61799e-09,-0.00190625
-8.59799e-09,-0.004
-8.57799e-09,-0.00592188
-8.55799e-09,-0.00734375
-8.53799e-09,-0.00828125
-8.51799e-09,-0.00854688
-8.49799e-09,-0.008
-8.47799e-09,-0.0070625
-8.45799e-09,-0.00559375
-8.43799e-09,-0.00375
-8.41799e-09,-0.00185938
-8.39799e-09,-7.15256e-10
-8.37799e-09,0.00167187
-8.35799e-09,0.00254687
-8.33799e-09,0.00259375
-8.31799e-09,0.00178125
-8.29799e-09,-7.15256e-10
-8.27799e-09,-0.00240625
-8.25799e-09,-0.00479688
-8.23799e-09,-0.00678125
-8.21799e-09,-0.00796875
-8.19799e-09,-0.008
-8.17799e-09,-0.00692188
-8.15799e-09,-0.0050625
-8.13799e-09,-0.003
-8.11799e-09,-0.00117188
-8.09799e-09,-7.15256e-10
-8.07799e-09,9.37493e-05
-8.05799e-09,-0.000656251
-8.03799e-09,-0.0018125
-8.01799e-09,-0.00307813
-7.99799e-09,-0.004
-7.97799e-09,-0.00410938
-7.95799e-09,-0.00351563
-7.93799e-09,-0.00245313
-7.91799e-09,-0.0011875
-7.89799e-09,-7.15256e-10
-7.87799e-09,0.000578124
-7.85799e-09,0.000687499
-7.83799e-09,0.000546874
-7.81799e-09,0.000249999
-7.79799e-09,-7.15256e-10
-7.77799e-09,0.000124999
-7.75799e-09,0.000359374
-7.73799e-09,0.000484374
-7.71799e-09,0.000453124
-7.69799e-09,-7.15256e-10
-7.67799e-09,-0.00103125
-7.65799e-09,-0.00220313
-7.63799e-09,-0.00325
-7.61799e-09,-0.0039375
-7.59799e-09,-0.004
-7.57799e-09,-0.00332813
-7.55799e-09,-0.00223438
-7.53799e-09,-0.00114063
-7.51799e-09,-0.000296876
-7.49799e-09,-7.15256e-10
-7.47799e-09,-0.000531251
-7.45799e-09,-0.00154688
-7.43799e-09,-0.00264063
-7.41799e-09,-0.00357813
-7.39799e-09,-0.004
-7.37799e-09,-0.003625
-7.35799e-09,-0.00270313
-7.33799e-09,-0.00160938
-7.31799e-09,-0.000578126
-7.29799e-09,-7.15256e-10
-7.27799e-09,-0.000218751
-7.25799e-09,-0.001
-7.23799e-09,-0.00209375
-7.21799e-09,-0.00323438
-7.19799e-09,-0.004
-7.17799e-09,-0.00407813
-7.15799e-09,-0.0035
-7.13799e-09,-0.00246875
-7.11799e-09,-0.00121875
-7.09799e-09,-7.15256e-10
-7.07799e-09,0.000781249
-7.05799e-09,0.00107812
-7.03799e-09,0.00103125
-7.01799e-09,0.000656249
-6.99799e-09,-7.15256e-10
-6.97799e-09,-0.000625001
-6.95799e-09,-0.0013125
-6.93799e-09,-0.00217188
-6.91799e-09,-0.00307813
-6.89799e-09,-0.004
-6.87799e-09,-0.00504688
-6.85799e-09,-0.00567188
-6.83799e-09,-0.00578125
-6.81799e-09,-0.00529688
-6.79799e-09,-0.004
-6.77799e-09,-0.00207813
-6.75799e-09,-7.15256e-10
-6.73799e-09,0.00196875
-6.71799e-09,0.0034375
-6.69799e-09,0.004
-6.67799e-09,0.00359375
-6.65799e-09,0.00223437
-6.63799e-09,0.000281249
-6.61799e-09,-0.00190625
-6.59799e-09,-0.004
-6.57799e-09,-0.00559375
-6.55799e-09,-0.00628125
-6.53799e-09,-0.00621875
-6.51799e-09,-0.00542188
-6.49799e-09,-0.004
-6.47799e-09,-0.00240625
-6.45799e-09,-0.001
-6.43799e-09,-1.56257e-05
-6.41799e-09,0.000328124
-6.39799e-09,-7.15256e-10
-6.37799e-09,-0.000906251
-6.35799e-09,-0.00209375
-6.33799e-09,-0.00315625
-6.31799e-09,-0.003875
-6.29799e-09,-0.004
-6.27799e-09,-0.00340625
-6.25799e-09,-0.002375
-6.23799e-09,-0.00128125
-6.21799e-09,-0.000390626
-6.19799e-09,-7.15256e-10
-6.17799e-09,-0.000390626
-6.15799e-09,-0.00128125
-6.13799e-09,-0.002375
-6.11799e-09,-0.00340625
-6.09799e-09,-0.004
-6.07799e-09,-0.00385938
-6.05799e-09,-0.003125
-6.03799e-09,-0.00207813
-6.01799e-09,-0.000953126
-5.99799e-09,-7.15256e-10
-5.97799e-09,0.000359374
-5.95799e-09,0.000312499
-5.93799e-09,0.000140624
-5.91799e-09,-6.25007e-05
-5.89799e-09,-7.15256e-10
-5.87799e-09,0.000531249
-5.85799e-09,0.00135937
-5.83799e-09,0.002375
-5.81799e-09,0.00335937
-5.79799e-09,0.004
-5.77799e-09,0.00409375
-5.75799e-09,0.00357812
-5.73799e-09,0.00264062
-5.71799e-09,0.00142187
-5.69799e-09,-7.15256e-10
-5.67799e-09,-0.0013125
-5.65799e-09,-0.00235938
-5.63799e-09,-0.00320313
-5.61799e-09,-0.00373438
-5.59799e-09,-0.004
-5.57799e-09,-0.0041875
-5.55799e-09,-0.0041875
-5.53799e-09,-0.00415625
-5.51799e-09,-0.00409375
-5.49799e-09,-0.004
-5.47799e-09,-0.00395313
-5.45799e-09,-0.00392188
-5.43799e-09,-0.00392188
-5.41799e-09,-0.00396875
-5.39799e-09,-0.004
-5.37799e-09,-0.00403125
-5.35799e-09,-0.00403125
-5.33799e-09,-0.00403125
-5.31799e-09,-0.00401563
-5.29799e-09,-0.004
-5.27799e-09,-0.004
-5.25799e-09,-0.004
-5.23799e-09,-0.00401563
-5.21799e-09,-0.00403125
-5.19799e-09,-0.004
-5.17799e-09,-0.00390625
-5.15799e-09,-0.0038125
-5.13799e-09,-0.00379688
-5.11799e-09,-0.00385938
-5.09799e-09,-0.004
-5.07799e-09,-0.00426563
-5.05799e-09,-0.00445313
-5.03799e-09,-0.0045
-5.01799e-09,-0.00434375
-4.99799e-09,-0.004
-4.97799e-09,-0.00342188
-4.95799e-09,-0.00296875
-4.93799e-09,-0.00285938
-4.91799e-09,-0.00315625
-4.89799e-09,-0.004
-4.87799e-09,-0.00540625
-4.85799e-09,-0.0068125
-4.83799e-09,-0.00790625
-4.81799e-09,-0.00842188
-4.79799e-09,-0.008
-4.77799e-09,-0.00659375
-4.75799e-09,-0.00464063
-4.73799e-09,-0.002625
-4.71799e-09,-0.000953126
-4.69799e-09,-7.15256e-10
-4.67799e-09,-0.000125001
-4.65799e-09,-0.00103125
-4.63799e-09,-0.0021875
-4.61799e-09,-0.00332813
-4.59799e-09,-0.004
-4.57799e-09,-0.0038125
-4.55799e-09,-0.003
-4.53799e-09,-0.00189063
-4.51799e-09,-0.000765626
-4.49799e-09,-7.15256e-10
-4.47799e-09,-1.56257e-05
-4.45799e-09,-0.000656251
-4.43799e-09,-0.00171875
-4.41799e-09,-0.00296875
-4.39799e-09,-0.004
-4.37799e-09,-0.00453125
-4.35799e-09,-0.0043125
-4.33799e-09,-0.00334375
-4.31799e-09,-0.00182813
-4.29799e-09,-7.15256e-10
-4.27799e-09,0.00175
-4.25799e-09,0.00279687
-4.23799e-09,0.00290625
-4.21799e-09,0.002
-4.19799e-09,-7.15256e-10
-4.17799e-09,-0.0028125
-4.15799e-09,-0.00553125
-4.13799e-09,-0.00760938
-4.11799e-09,-0.00860938
-4.09799e-09,-0.008
-4.07799e-09,-0.00582813
-4.05799e-09,-0.00279688
-4.03799e-09,0.000328124
-4.01799e-09,0.00284375
-3.99799e-09,0.004
-3.97799e-09,0.00332812
-3.95799e-09,0.00114062
-3.93799e-09,-0.0019375
-3.91799e-09,-0.00521875
-3.89799e-09,-0.008
-3.87799e-09,-0.00940625
-3.85799e-09,-0.00932813
-3.83799e-09,-0.0081875
-3.81799e-09,-0.00629688
-3.79799e-09,-0.004
-3.77799e-09,-0.00228125
-3.75799e-09,-0.00109375
-3.73799e-09,-0.000328126
-3.71799e-09,-4.68757e-05
-3.69799e-09,-7.15256e-10
-3.67799e-09,0.000218749
-3.65799e-09,0.000343749
-3.63799e-09,0.000374999
-3.61799e-09,0.000281249
-3.59799e-09,-7.15256e-10
-3.57799e-09,-0.000640626
-3.55799e-09,-0.0011875
-3.53799e-09,-0.0013125
-3.51799e-09,-0.000968751
-3.49799e-09,-7.15256e-10
-3.47799e-09,0.00157812
-3.45799e-09,0.003125
-3.43799e-09,0.00428125
-3.41799e-09,0.00473437
-3.39799e-09,0.004
-3.37799e-09,0.0020625
-3.35799e-09,-0.000593751
-3.33799e-09,-0.00351563
-3.31799e-09,-0.006125
-3.29799e-09,-0.008
-3.27799e-09,-0.00876563
-3.25799e-09,-0.00832813
-3.23799e-09,-0.0071875
-3.21799e-09,-0.00564063
-3.19799e-09,-0.004
-3.17799e-09,-0.00290625
-3.15799e-09,-0.00242188
-3.13799e-09,-0.00253125
-3.11799e-09,-0.00314063
-3.09799e-09,-0.004
-3.07799e-09,-0.00470313
-3.05799e-09,-0.005125
-3.03799e-09,-0.00510938
-3.01799e-09,-0.00470313
-2.99799e-09,-0.004
-2.97799e-09,-0.00317188
-2.95799e-09,-0.00257813
-2.93799e-09,-0.00248438
-2.91799e-09,-0.0029375
-2.89799e-09,-0.004
-2.87799e-09,-0.00560938
-2.85799e-09,-0.00715625
-2.83799e-09,-0.00829688
-2.81799e-09,-0.00876563
-2.79799e-09,-0.008
-2.77799e-09,-0.0060625
-2.75799e-09,-0.00339063
-2.73799e-09,-0.000453126
-2.71799e-09,0.00215625
-2.69799e-09,0.004
-2.67799e-09,0.00459375
-2.65799e-09,0.00403125
-2.63799e-09,0.00290625
-2.61799e-09,0.00148437
-2.59799e-09,-7.15256e-10
-2.57799e-09,-0.000843751
-2.55799e-09,-0.00140625
-2.53799e-09,-0.00207813
-2.51799e-09,-0.00284375
-2.49799e-09,-0.004
-2.47799e-09,-0.00590625
-2.45799e-09,-0.00759375
-2.43799e-09,-0.00879688
-2.41799e-09,-0.00915625
-2.39799e-09,-0.008
-2.37799e-09,-0.00539063
-2.35799e-09,-0.001875
-2.33799e-09,0.00201562
-2.31799e-09,0.00554687
-2.29799e-09,0.008
-2.27799e-09,0.00889062
-2.25799e-09,0.00803125
-2.23799e-09,0.00596875
-2.21799e-09,0.00317187
-2.19799e-09,-7.15256e-10
-2.17799e-09,-0.00267188
-2.15799e-09,-0.00439063
-2.13799e-09,-0.00521875
-2.11799e-09,-0.00503125
-2.09799e-09,-0.004
-2.07799e-09,-0.0026875
-2.05799e-09,-0.00132813
-2.03799e-09,-0.000296876
-2.01799e-09,0.000171874
-1.99799e-09,-7.15256e-10
-1.97799e-09,-0.000750001
-1.95799e-09,-0.00182813
-1.93799e-09,-0.00289063
-1.91799e-09,-0.0036875
-1.89799e-09,-0.004
-1.87799e-09,-0.0036875
-1.85799e-09,-0.00289063
-1.83799e-09,-0.00182813
-1.81799e-09,-0.000750001
-1.79799e-09,-7.15256e-10
-1.77799e-09,0.000124999
-1.75799e-09,-0.000375001
-1.73799e-09,-0.00139063
-1.71799e-09,-0.0026875
-1.69799e-09,-0.004
-1.67799e-09,-0.0049375
-1.65799e-09,-0.00534375
-1.63799e-09,-0.0053125
-1.61799e-09,-0.00485938
-1.59799e-09,-0.004
-1.57799e-09,-0.00309375
-1.55799e-09,-0.00215625
-1.53799e-09,-0.00123438
-1.51799e-09,-0.000468751
-1.49799e-09,-7.15256e-10
-1.47799e-09,0.000281249
-1.45799e-09,3.12493e-05
-1.43799e-09,-0.000828126
-1.41799e-09,-0.00217188
-1.39799e-09,-0.004
-1.37799e-09,-0.006125
-1.35799e-09,-0.0078125
-1.33799e-09,-0.00889063
-1.31799e-09,-0.00907813
-1.29799e-09,-0.008
-1.27799e-09,-0.00592188
-1.25799e-09,-0.00320313
-1.23799e-09,-0.000296876
-1.21799e-09,0.00221875
-1.19799e-09,0.004
-1.17799e-09,0.0046875
-1.15799e-09,0.00425
-1.13799e-09,0.003125
-1.11799e-09,0.00159375
-1.09799e-09,-7.15256e-10
-1.07799e-09,-0.00114063
-1.05799e-09,-0.00164063
-1.03799e-09,-0.00154688
-1.01799e-09,-0.000921876
-9.97989e-10,-7.15256e-10
-9.77989e-10,0.000812499
-9.57989e-10,0.00132812
-9.37989e-10,0.00134375
-9.17989e-10,0.000843749
-8.97989e-10,-7.15256e-10
-8.77989e-10,-0.000765626
-8.57989e-10,-0.00154688
-8.37989e-10,-0.00259375
-8.17989e-10,-0.00365625
-7.97989e-10,-0.004
-7.77989e-10,-0.00303125
-7.57989e-10,-0.00154688
-7.37989e-10,-0.000453126
-7.17989e-10,1.56243e-05
-6.97989e-10,-7.15256e-10
-6.77989e-10,-0.000296876
-6.57989e-10,-0.000968751
-6.37989e-10,-0.00201563
-6.17989e-10,-0.0031875
-5.97989e-10,-0.004
-5.77989e-10,-0.00378125
-5.57989e-10,-0.00320313
-5.37989e-10,-0.00357813
-5.17989e-10,-0.0046875
-4.97989e-10,-0.004
-4.77989e-10,-0.00320313
-4.57989e-10,0.00257812
-4.37989e-10,0.0153906
-4.17989e-10,0.0342656
-3.97989e-10,0.064
-3.77989e-10,0.100578
-3.57989e-10,0.138656
-3.37989e-10,0.177719
-3.17989e-10,0.211281
-2.97989e-10,0.236
-2.77989e-10,0.249813
-2.57989e-10,0.249828
-2.37989e-10,0.242469
-2.17989e-10,0.229797
-1.97989e-10,0.212
-1.77989e-10,0.195391
-1.57989e-10,0.180703
-1.37989e-10,0.168297
-1.17989e-10,0.159688
-9.79889e-11,0.152
-7.79889e-11,0.143156
-5.79889e-11,0.135813
-3.79889e-11,0.129063
-1.79889e-11,0.123797
2.01111e-12,0.12
2.20111e-11,0.117406
4.20111e-11,0.116469
6.20111e-11,0.116359
8.20111e-11,0.116719
1.02011e-10,0.116
1.22011e-10,0.113328
1.42011e-10,0.109203
1.62011e-10,0.103891
1.82011e-10,0.0982031
2.02011e-10,0.092
2.22011e-10,0.0863125
2.42011e-10,0.0817188
2.62011e-10,0.0775469
2.82011e-10,0.0743125
3.02011e-10,0.072
3.22011e-10,0.0704531
3.42011e-10,0.0698281
3.62011e-10,0.0692188
3.82011e-10,0.068625
4.02011e-10,0.068
4.22011e-10,0.0672656
4.42011e-10,0.0665313
4.62011e-10,0.06575
4.82011e-10,0.0650156
5.02011e-10,0.064
5.22011e-10,0.0630469
5.42011e-10,0.061625
5.62011e-10,0.0593125
5.82011e-10,0.0563125
6.02011e-10,0.052
6.22011e-10,0.0468594
6.42011e-10,0.041625
6.62011e-10,0.0363125
6.82011e-10,0.03175
7.02011e-10,0.028
7.22011e-10,0.0255625
7.42011e-10,0.0242813
7.62011e-10,0.0231094
7.82011e-10,0.0219688
8.02011e-10,0.02
8.22011e-10,0.0170156
8.42011e-10,0.013375
8.62011e-10,0.00889062
8.82011e-10,0.00429687
9.02011e-10,-7.15256e-10
9.22011e-10,-0.00334375
9.42011e-10,-0.00510938
9.62011e-10,-0.00584375
9.82011e-10,-0.0055
1.00201e-09,-0.004
1.02201e-09,-0.00203125
1.04201e-09,0.000140624
1.06201e-09,0.00204687
1.08201e-09,0.00332812
1.10201e-09,0.004
1.12201e-09,0.00415625
1.14201e-09,0.00364062
1.16201e-09,0.0026875
1.18201e-09,0.0015
1.20201e-09,-7.15256e-10
1.22201e-09,-0.00128125
1.24201e-09,-0.00257813
1.26201e-09,-0.0041875
1.28201e-09,-0.00590625
1.30201e-09,-0.008
1.32201e-09,-0.0104531
1.34201e-09,-0.0125938
1.36201e-09,-0.0144531
1.38201e-09,-0.0156563
1.40201e-09,-0.016
1.42201e-09,-0.0154531
1.44201e-09,-0.0143125
1.46201e-09,-0.013125
1.48201e-09,-0.0122031
1.50201e-09,-0.012
1.52201e-09,-0.0127969
1.54201e-09,-0.0143438
1.56201e-09,-0.0162969
1.58201e-09,-0.0182969
1.60201e-09,-0.02
1.62201e-09,-0.0209688
1.64201e-09,-0.0211875
1.66201e-09,-0.0209688
1.68201e-09,-0.0204531
1.70201e-09,-0.02
1.72201e-09,-0.02
1.74201e-09,-0.0204375
1.76201e-09,-0.0213281
1.78201e-09,-0.0225469
1.80201e-09,-0.024
1.82201e-09,-0.0253438
1.84201e-09,-0.0264219
1.86201e-09,-0.0272656
1.88201e-09,-0.0277969
1.90201e-09,-0.028
1.92201e-09,-0.0280156
1.94201e-09,-0.0278594
1.96201e-09,-0.02775
1.98201e-09,-0.0277656
2.00201e-09,-0.028
2.02201e-09,-0.0284531
2.04201e-09,-0.029125
2.06201e-09,-0.0299531
2.08201e-09,-0.0308594
2.10201e-09,-0.032
2.12201e-09,-0.0330938
2.14201e-09,-0.0343125
2.16201e-09,-0.0359688
2.18201e-09,-0.0378438
2.20201e-09,-0.04
2.22201e-09,-0.042375
2.24201e-09,-0.0441406
2.26201e-09,-0.0452188
2.28201e-09,-0.045375
2.30201e-09,-0.044
2.32201e-09,-0.0414531
2.34201e-09,-0.0380469
2.36201e-09,-0.03425
2.38201e-09,-0.03075
2.40201e-09,-0.028
2.42201e-09,-0.0264063
2.44201e-09,-0.0263594
2.46201e-09,-0.0274219
2.48201e-09,-0.0293594
2.50201e-09,-0.032
2.52201e-09,-0.0345469
2.54201e-09,-0.0367031
2.56201e-09,-0.0384375
2.58201e-09,-0.0394844
2.60201e-09,-0.04
2.62201e-09,-0.0402344
2.64201e-09,-0.040125
2.66201e-09,-0.0399844
2.68201e-09,-0.0398906
2.70201e-09,-0.04
2.72201e-09,-0.0403438
2.74201e-09,-0.0409375
2.76201e-09,-0.0418438
2.78201e-09,-0.0428906
2.80201e-09,-0.044
2.82201e-09,-0.0450781
2.84201e-09,-0.0456875
2.86201e-09,-0.0457188
2.88201e-09,-0.0451563
2.90201e-09,-0.044
2.92201e-09,-0.0425
2.94201e-09,-0.0410781
2.96201e-09,-0.0400156
2.98201e-09,-0.0395625
3.00201e-09,-0.04
3.02201e-09,-0.0412813
3.04201e-09,-0.0430781
3.06201e-09,-0.0450469
3.08201e-09,-0.0467969
3.10201e-09,-0.048
3.12201e-09,-0.0484219
3.14201e-09,-0.0479688
3.16201e-09,-0.046875
3.18201e-09,-0.0454219
3.20201e-09,-0.044
3.22201e-09,-0.0430313
3.24201e-09,-0.0429063
3.26201e-09,-0.0437188
3.28201e-09,-0.045375
3.30201e-09,-0.048
3.32201e-09,-0.0510469
3.34201e-09,-0.0540156
3.36201e-09,-0.0567188
3.38201e-09,-0.0587344
3.40201e-09,-0.06
3.42201e-09,-0.0604844
3.44201e-09,-0.0602656
3.46201e-09,-0.06
3.48201e-09,-0.0598438
3.50201e-09,-0.06
3.52201e-09,-0.06075
3.54201e-09,-0.0617344
3.56201e-09,-0.0628281
3.58201e-09,-0.0637656
3.60201e-09,-0.064
3.62201e-09,-0.0633281
3.64201e-09,-0.061875
3.66201e-09,-0.0599531
3.68201e-09,-0.0579219
3.70201e-09,-0.056
3.72201e-09,-0.0545938
3.74201e-09,-0.054
3.76201e-09,-0.0540781
3.78201e-09,-0.0547969
3.80201e-09,-0.056
3.82201e-09,-0.0571875
3.84201e-09,-0.0582656
3.86201e-09,-0.0592031
3.88201e-09,-0.0598125
3.90201e-09,-0.06
3.92201e-09,-0.0599063
3.94201e-09,-0.0593438
3.96201e-09,-0.0584844
3.98201e-09,-0.0574375
4.00201e-09,-0.056
4.02201e-09,-0.0544844
4.04201e-09,-0.0529219
4.06201e-09,-0.0512188
4.08201e-09,-0.0496094
4.10201e-09,-0.048
4.12201e-09,-0.0464688
4.14201e-09,-0.0453438
4.16201e-09,-0.0444688
4.18201e-09,-0.0439688
4.20201e-09,-0.044
4.22201e-09,-0.0444219
4.24201e-09,-0.0452188
4.26201e-09,-0.0461875
4.28201e-09,-0.0471563
4.30201e-09,-0.048
4.32201e-09,-0.0485625
4.34201e-09,-0.0487656
4.36201e-09,-0.0487344
4.38201e-09,-0.0484844
4.40201e-09,-0.048
4.42201e-09,-0.0475469
4.44201e-09,-0.0469375
4.46201e-09,-0.0461094
4.48201e-09,-0.0451875
4.50201e-09,-0.044
4.52201e-09,-0.0426406
4.54201e-09,-0.0414531
4.56201e-09,-0.0405313
4.58201e-09,-0.0400469
4.60201e-09,-0.04
4.62201e-09,-0.0404688
4.64201e-09,-0.0410156
4.66201e-09,-0.04125
4.68201e-09,-0.0410313
4.70201e-09,-0.04
4.72201e-09,-0.0381563
4.74201e-09,-0.0360469
4.76201e-09,-0.0340625
4.78201e-09,-0.0326094
4.80201e-09,-0.032
4.82201e-09,-0.0325156
4.84201e-09,-0.0336875
4.86201e-09,-0.0349063
4.88201e-09,-0.0358438
4.90201e-09,-0.036
4.92201e-09,-0.0350625
4.94201e-09,-0.033375
4.96201e-09,-0.0313281
4.98201e-09,-0.029375
5.00201e-09,-0.028
5.02201e-09,-0.0277656
5.04201e-09,-0.0284375
5.06201e-09,-0.0296094
5.08201e-09,-0.0309375
5.10201e-09,-0.032
5.12201e-09,-0.0323281
5.14201e-09,-0.0319063
5.16201e-09,-0.030875
5.18201e-09,-0.0294688
5.20201e-09,-0.028
5.22201e-09,-0.0269844
5.24201e-09,-0.0265469
5.26201e-09,-0.0265938
5.28201e-09,-0.0270781
5.30201e-09,-0.028
5.32201e-09,-0.029
5.34201e-09,-0.03
5.36201e-09,-0.0308906
5.38201e-09,-0.0315469
5.40201e-09,-0.032
5.42201e-09,-0.0323438
5.44201e-09,-0.0324219
5.46201e-09,-0.032375
5.48201e-09,-0.0322344
5.50201e-09,-0.032
5.52201e-09,-0.0318125
5.54201e-09,-0.0316875
5.56201e-09,-0.0316875
5.58201e-09,-0.0318281
5.60201e-09,-0.032
5.62201e-09,-0.0321563
5.64201e-09,-0.0322344
5.66201e-09,-0.03225
5.68201e-09,-0.0321719
5.70201e-09,-0.032
5.72201e-09,-0.0317344
5.74201e-09,-0.0315313
5.76201e-09,-0.0314688
5.78201e-09,-0.0316094
5.80201e-09,-0.032
5.82201e-09,-0.0325313
5.84201e-09,-0.0332188
5.86201e-09,-0.0341563
5.88201e-09,-0.0351719
5.90201e-09,-0.036
5.92201e-09,-0.0365938
5.94201e-09,-0.0365156
5.96201e-09,-0.0357344
5.98201e-09,-0.0343438
6.00201e-09,-0.032
6.02201e-09,-0.0291094
6.04201e-09,-0.0261875
6.06201e-09,-0.0234531
6.08201e-09,-0.021375
6.10201e-09,-0.02
6.12201e-09,-0.0194844
6.14201e-09,-0.0196875
6.16201e-09,-0.02
6.18201e-09,-0.02025
6.20201e-09,-0.02
6.22201e-09,-0.0190469
6.24201e-09,-0.0175625
6.26201e-09,-0.0156719
6.28201e-09,-0.0137188
6.30201e-09,-0.012
6.32201e-09,-0.0109688
6.34201e-09,-0.0106719
6.36201e-09,-0.0108125
6.38201e-09,-0.0113281
6.40201e-09,-0.012
6.42201e-09,-0.0125313
6.44201e-09,-0.0128281
6.46201e-09,-0.0127969
6.48201e-09,-0.0124531
6.50201e-09,-0.012
6.52201e-09,-0.0116875
6.54201e-09,-0.0115
6.56201e-09,-0.0114688
6.58201e-09,-0.0116094
6.60201e-09,-0.012
6.62201e-09,-0.0125469
6.64201e-09,-0.0132344
6.66201e-09,-0.014125
6.68201e-09,-0.0150781
6.70201e-09,-0.016
6.72201e-09,-0.0168906
6.74201e-09,-0.017375
6.76201e-09,-0.0174063
6.78201e-09,-0.0169844
6.80201e-09,-0.016
6.82201e-09,-0.014625
6.84201e-09,-0.0132813
6.86201e-09,-0.01225
6.88201e-09,-0.0117813
6.90201e-09,-0.012
6.92201e-09,-0.0129219
6.94201e-09,-0.0141563
6.96201e-09,-0.0152969
6.98201e-09,-0.0160625
7.00201e-09,-0.016
7.02201e-09,-0.0149375
7.04201e-09,-0.0132188
7.06201e-09,-0.01125
7.08201e-09,-0.00942188
7.10201e-09,-0.008
7.12201e-09,-0.00742188
7.14201e-09,-0.00748438
7.16201e-09,-0.00775
7.18201e-09,-0.00804688
7.20201e-09,-0.008
7.22201e-09,-0.0071875
7.24201e-09,-0.00609375
7.26201e-09,-0.00501563
7.28201e-09,-0.0041875
7.30201e-09,-0.004
7.32201e-09,-0.00476563
7.34201e-09,-0.00595313
7.36201e-09,-0.00714063
7.38201e-09,-0.00798438
7.40201e-09,-0.008
7.42201e-09,-0.00692188
7.44201e-09,-0.00514063
7.46201e-09,-0.00314063
7.48201e-09,-0.00132813
7.50201e-09,-7.15256e-10
7.52201e-09,0.000296874
7.54201e-09,-1.56257e-05
7.56201e-09,-0.000343751
7.58201e-09,-0.000515626
7.60201e-09,-7.15256e-10
7.62201e-09,0.00154687
7.64201e-09,0.00353125
7.66201e-09,0.00557812
7.68201e-09,0.00725
7.70201e-09,0.008
7.72201e-09,0.00748437
7.74201e-09,0.00595312
7.76201e-09,0.003875
7.78201e-09,0.00171875
7.80201e-09,-7.15256e-10
7.82201e-09,-0.000765626
7.84201e-09,-0.000484376
7.86201e-09,0.000562499
7.88201e-09,0.002125
7.90201e-09,0.004
7.92201e-09,0.00548437
7.94201e-09,0.00657812
7.96201e-09,0.00734375
7.98201e-09,0.00770312
8.00201e-09,0.008
8.02201e-09,0.008375
8.04201e-09,0.00889062
8.06201e-09,0.00970312
8.08201e-09,0.0107344
8.10201e-09,0.012
8.12201e-09,0.0133281
8.14201e-09,0.0144375
8.16201e-09,0.015375
8.18201e-09,0.0159375
8.20201e-09,0.016
8.22201e-09,0.015625
8.24201e-09,0.0148437
8.26201e-09,0.013875
8.28201e-09,0.0128906
8.30201e-09,0.012
8.32201e-09,0.0113594
8.34201e-09,0.011125
8.36201e-09,0.0111562
8.38201e-09,0.0114375
8.40201e-09,0.012
8.42201e-09,0.0125625
8.44201e-09,0.0132344
8.46201e-09,0.0140625
8.48201e-09,0.0149375
8.50201e-09,0.016
8.52201e-09,0.0171875
8.54201e-09,0.0182344
8.56201e-09,0.0191563
8.58201e-09,0.0197969
8.60201e-09,0.02
8.62201e-09,0.0197969
8.64201e-09,0.0191563
8.66201e-09,0.0182031
8.68201e-09,0.0171094
8.70201e-09,0.016
8.72201e-09,0.0150625
8.74201e-09,0.0145937
8.76201e-09,0.0145469
8.78201e-09,0.0149531
8.80201e-09,0.016
8.82201e-09,0.017375
8.84201e-09,0.0190313
8.86201e-09,0.0208125
8.88201e-09,0.0224375
8.90201e-09,0.024
8.92201e-09,0.0252656
8.94201e-09,0.0261563
8.96201e-09,0.0269375
8.98201e-09,0.0275313
9.00201e-09,0.028
9.02201e-09,0.0284844
9.04201e-09,0.0287344
9.06201e-09,0.0287813
9.08201e-09,0.0285781
9.10201e-09,0.028
9.12201e-09,0.0270938
9.14201e-09,0.0260938
9.16201e-09,0.0251094
9.18201e-09,0.0243281
9.20201e-09,0.024
9.22201e-09,0.024125
9.24201e-09,0.02475
9.26201e-09,0.0257031
9.28201e-09,0.0267969
9.30201e-09,0.028
9.32201e-09,0.0289531
9.34201e-09,0.0297344
9.36201e-09,0.0305
9.38201e-09,0.0312031
9.40201e-09,0.032
9.42201e-09,0.0329219
9.44201e-09,0.0337969
9.46201e-09,0.0346875
9.48201e-09,0.0354531
9.50201e-09,0.036
9.52201e-09,0.0362344
9.54201e-09,0.0362031
9.56201e-09,0.036125
9.58201e-09,0.0360313
9.60201e-09,0.036
9.62201e-09,0.0361094
9.64201e-09,0.0362344
9.66201e-09,0.0363125
9.68201e-09,0.0363125
9.70201e-09,0.036
9.72201e-09,0.0353438
9.74201e-09,0.0345
9.76201e-09,0.0335625
9.78201e-09,0.0327031
9.80201e-09,0.032
9.82201e-09,0.0315156
9.84201e-09,0.0313594
9.86201e-09,0.0314219
9.88201e-09,0.0316719
9.90201e-09,0.032
9.92201e-09,0.0321875
9.94201e-09,0.0322656
9.96201e-09,0.03225
9.98201e-09,0.0321406
1.0002e-08,0.032
1.0022e-08,0.0318438
1.0042e-08,0.0317656
1.0062e-08,0.0317656
1.0082e-08,0.0318438
1.0102e-08,0.032
1.0122e-08,0.0321563
1.0142e-08,0.0322813
1.0162e-08,0.0323281
1.0182e-08,0.0322656
1.0202e-08,0.032
1.0222e-08,0.0315781
1.0242e-08,0.0309688
1.0262e-08,0.0301094
1.0282e-08,0.0291406
1.0302e-08,0.028
1.0322e-08,0.0268125
1.0342e-08,0.0257969
1.0362e-08,0.0249219
1.0382e-08,0.0243281
1.0402e-08,0.024
1.0422e-08,0.0239063
1.0442e-08,0.0240156
1.0462e-08,0.0240938
1.0482e-08,0.0240938
1.0502e-08,0.024
1.0522e-08,0.0236875
1.0542e-08,0.0234063
1.0562e-08,0.0233125
1.0582e-08,0.0234688
1.0602e-08,0.024
1.0622e-08,0.0248906
1.0642e-08,0.0259219
1.0662e-08,0.0269219
1.0682e-08,0.0276875
1.0702e-08,0.028
1.0722e-08,0.02775
1.0742e-08,0.0270313
1.0762e-08,0.0260313
1.0782e-08,0.0249688
1.0802e-08,0.024
1.0822e-08,0.0233594
1.0842e-08,0.0231406
1.0862e-08,0.0232656
1.0882e-08,0.0236406
1.0902e-08,0.024
1.0922e-08,0.0241719
1.0942e-08,0.0239219
1.0962e-08,0.0231094
1.0982e-08,0.0218438
1.1002e-08,0.02
1.1022e-08,0.0178438
1.1042e-08,0.0157969
1.1062e-08,0.0139531
1.1082e-08,0.012625
1.1102e-08,0.012
1.1122e-08,0.0119844
1.1142e-08,0.0126719
1.1162e-08,0.0137187
1.1182e-08,0.014875
1.1202e-08,0.016
1.1222e-08,0.0167813
1.1242e-08,0.017125
1.1262e-08,0.0170469
1.1282e-08,0.0166094
1.1302e-08,0.016
1.1322e-08,0.0154688
1.1342e-08,0.0151406
1.1362e-08,0.0151406
1.1382e-08,0.0154688
1.1402e-08,0.016
1.1422e-08,0.016625
1.1442e-08,0.0170781
1.1462e-08,0.0172031
1.1482e-08,0.0169219
1.1502e-08,0.016
1.1522e-08,0.0145781
1.1542e-08,0.0128906
1.1562e-08,0.011
1.1582e-08,0.00928125
1.1602e-08,0.008
1.1622e-08,0.00721875
1.1642e-08,0.00735937
1.1662e-08,0.0083125
1.1682e-08,0.00990625
1.1702e-08,0.012
1.1722e-08,0.014125
1.1742e-08,0.0157656
1.1762e-08,0.0167969
1.1782e-08,0.0169844
1.1802e-08,0.016
1.1822e-08,0.014125
1.1842e-08,0.0115937
1.1862e-08,0.00878125
1.1882e-08,0.00617187
1.1902e-08,0.004
1.1922e-08,0.00254687
1.1942e-08,0.00209375
1.1962e-08,0.00228125
1.1982e-08,0.00298437
1.2002e-08,0.004
1.2022e-08,0.00485937
1.2042e-08,0.00539062
1.2062e-08,0.00546875
1.2082e-08,0.00503125
1.2102e-08,0.004
1.2122e-08,0.0026875
1.2142e-08,0.001125
1.2162e-08,-0.000640626
1.2182e-08,-0.00232813
1.2202e-08,-0.004
1.2222e-08,-0.00551563
1.2242e-08,-0.00659375
1.2262e-08,-0.00745313
1.2282e-08,-0.00796875
1.2302e-08,-0.008
1.2322e-08,-0.00773438
1.2342e-08,-0.00704688
1.2362e-08,-0.00615625
1.2382e-08,-0.00517188
1.2402e-08,-0.004
1.2422e-08,-0.00284375
1.2442e-08,-0.00185938
1.2462e-08,-0.000968751
1.2482e-08,-0.000312501
1.2502e-08,-7.15256e-10
1.2522e-08,7.81243e-05
1.2542e-08,-0.000343751
1.2562e-08,-0.00121875
1.2582e-08,-0.0024375
1.2602e-08,-0.004
1.2622e-08,-0.00570313
1.2642e-08,-0.00709375
1.2662e-08,-0.00803125
1.2682e-08,-0.00839063
1.2702e-08,-0.008
1.2722e-08,-0.007
1.2742e-08,-0.00573438
1.2762e-08,-0.00460938
1.2782e-08,-0.00390625
1.2802e-08,-0.004
1.2822e-08,-0.00501563
1.2842e-08,-0.00665625
1.2862e-08,-0.00864063
1.2882e-08,-0.0105469
1.2902e-08,-0.012
1.2922e-08,-0.0127031
1.2942e-08,-0.0124219
1.2962e-08,-0.0114219
1.2982e-08,-0.00989063
1.3002e-08,-0.008
1.3022e-08,-0.00632813
1.3042e-08,-0.0050625
1.3062e-08,-0.0041875
1.3082e-08,-0.00382813
1.3102e-08,-0.004
1.3122e-08,-0.00446875
1.3142e-08,-0.00525
1.3162e-08,-0.00615625
1.3182e-08,-0.00704688
1.3202e-08,-0.008
1.3222e-08,-0.00889063
1.3242e-08,-0.00967188
1.3262e-08,-0.0104688
1.3282e-08,-0.0112031
1.3302e-08,-0.012
1.3322e-08,-0.012875
1.3342e-08,-0.0136875
1.3362e-08,-0.0145156
1.3382e-08,-0.0152656
1.3402e-08,-0.016
1.3422e-08,-0.0166563
1.3442e-08,-0.0172656
1.3462e-08,-0.0180469
1.3482e-08,-0.0189375
1.3502e-08,-0.02
1.3522e-08,-0.0212344
1.3542e-08,-0.0223125
1.3562e-08,-0.0232813
1.3582e-08,-0.0239844
1.3602e-08,-0.024
1.3622e-08,-0.0234531
1.3642e-08,-0.0221875
1.3662e-08,-0.0203594
1.3682e-08,-0.0182969
1.3702e-08,-0.016
1.3722e-08,-0.0137969
1.3742e-08,-0.01225
1.3762e-08,-0.0113125
1.3782e-08,-0.0111875
1.3802e-08,-0.012
1.3822e-08,-0.0134063
1.3842e-08,-0.0152188
1.3862e-08,-0.0171563
1.3882e-08,-0.0188438
1.3902e-08,-0.02
1.3922e-08,-0.0205313
1.3942e-08,-0.0201875
1.3962e-08,-0.0192031
1.3982e-08,-0.0177813
1.4002e-08,-0.016
1.4022e-08,-0.0143438
1.4042e-08,-0.0130469
1.4062e-08,-0.0121406
1.4082e-08,-0.0117813
1.4102e-08,-0.012
1.4122e-08,-0.012625
1.4142e-08,-0.0135625
1.4162e-08,-0.0145313
1.4182e-08,-0.0153594
1.4202e-08,-0.016
1.4222e-08,-0.0163906
1.4242e-08,-0.0164688
1.4262e-08,-0.0163906
1.4282e-08,-0.0162031
1.4302e-08,-0.016
1.4322e-08,-0.0159844
1.4342e-08,-0.0160156
1.4362e-08,-0.0160625
1.4382e-08,-0.0160781
1.4402e-08,-0.016
1.4422e-08,-0.01575
1.4442e-08,-0.0155156
1.4462e-08,-0.0154219
1.4482e-08,-0.0155313
1.4502e-08,-0.016
1.4522e-08,-0.016875
1.4542e-08,-0.017875
1.4562e-08,-0.0188438
1.4582e-08,-0.0195781
1.4602e-08,-0.02
1.4622e-08,-0.0199531
1.4642e-08,-0.0196875
1.4662e-08,-0.0195156
1.4682e-08,-0.0195625
1.4702e-08,-0.02
1.4722e-08,-0.0209688
1.4742e-08,-0.0220625
1.4762e-08,-0.023125
1.4782e-08,-0.0239219
1.4802e-08,-0.024
1.4822e-08,-0.0233438
1.4842e-08,-0.0219688
1.4862e-08,-0.0200625
1.4882e-08,-0.018
1.4902e-08,-0.016
1.4922e-08,-0.0144688
1.4942e-08,-0.0137656
1.4962e-08,-0.0138281
1.4982e-08,-0.0145938
1.5002e-08,-0.016
1.5022e-08,-0.0176406
1.5042e-08,-0.0191094
1.5062e-08,-0.0200938
1.5082e-08,-0.0204219
1.5102e-08,-0.02
1.5122e-08,-0.0189688
1.5142e-08,-0.0176719
1.5162e-08,-0.0165469
1.5182e-08,-0.015875
1.5202e-08,-0.016
1.5222e-08,-0.0170625
1.5242e-08,-0.01875
1.5262e-08,-0.0207344
1.5282e-08,-0.022625
1.5302e-08,-0.024
1.5322e-08,-0.0245781
1.5342e-08,-0.0242031
1.5362e-08,-0.0231406
1.5382e-08,-0.0216406
1.5402e-08,-0.02
1.5422e-08,-0.0187656
1.5442e-08,-0.0181563
1.5462e-08,-0.0181719
1.5482e-08,-0.0188281
1.5502e-08,-0.02
1.5522e-08,-0.0213281
1.5542e-08,-0.0225625
1.5562e-08,-0.0235313
1.5582e-08,-0.0240469
1.5602e-08,-0.024
1.5622e-08,-0.0234844
1.5642e-08,-0.0225781
1.5662e-08,-0.0215469
1.5682e-08,-0.0206094
1.5702e-08,-0.02
1.5722e-08,-0.0198281
1.5742e-08,-0.02025
1.5762e-08,-0.0211875
1.5782e-08,-0.0224531
1.5802e-08,-0.024
1.5822e-08,-0.0254688
1.5842e-08,-0.026625
1.5862e-08,-0.0275156
1.5882e-08,-0.028
1.5902e-08,-0.028
1.5922e-08,-0.0277188
1.5942e-08,-0.0270469
1.5962e-08,-0.0261563
1.5982e-08,-0.0251719
1.6002e-08,-0.024
1.6022e-08,-0.0228281
1.6042e-08,-0.0218125
1.6062e-08,-0.0209531
1.6082e-08,-0.0203594
1.6102e-08,-0.02
1.6122e-08,-0.0198281
1.6142e-08,-0.0198438
1.6162e-08,-0.0199063
1.6182e-08,-0.0199688
1.6202e-08,-0.02
1.6222e-08,-0.0199531
1.6242e-08,-0.019875
1.6262e-08,-0.0198594
1.6282e-08,-0.0198906
1.6302e-08,-0.02
1.6322e-08,-0.0202031
1.6342e-08,-0.020375
1.6362e-08,-0.0204375
1.6382e-08,-0.0203594
1.6402e-08,-0.02
1.6422e-08,-0.0194375
1.6442e-08,-0.0186719
1.6462e-08,-0.01775
1.6482e-08,-0.0168281
1.6502e-08,-0.016
1.6522e-08,-0.015375
1.6542e-08,-0.015125
1.6562e-08,-0.0151719
1.6582e-08,-0.0154844
1.6602e-08,-0.016
1.6622e-08,-0.0165938
1.6642e-08,-0.0170156
1.6662e-08,-0.0170938
1.6682e-08,-0.0167969
1.6702e-08,-0.016
1.6722e-08,-0.0148125
1.6742e-08,-0.0135938
1.6762e-08,-0.0125781
1.6782e-08,-0.0119844
1.6802e-08,-0.012
1.6822e-08,-0.0127031
1.6842e-08,-0.0137656
1.6862e-08,-0.0148438
1.6882e-08,-0.0156719
1.6902e-08,-0.016
1.6922e-08,-0.015625
1.6942e-08,-0.01475
1.6962e-08,-0.0137031
1.6982e-08,-0.0127344
1.7002e-08,-0.012
1.7022e-08,-0.0118906
1.7042e-08,-0.0120938
1.7062e-08,-0.0123125
1.7082e-08,-0.0124375
1.7102e-08,-0.012
1.7122e-08,-0.010875
1.7142e-08,-0.00926563
1.7162e-08,-0.00734375
1.7182e-08,-0.00546875
1.7202e-08,-0.004
1.7222e-08,-0.00325
1.7242e-08,-0.00345313
1.7262e-08,-0.0044375
1.7282e-08,-0.006
1.7302e-08,-0.008
1.7322e-08,-0.00995313
1.7342e-08,-0.0114531
1.7362e-08,-0.0124063
1.7382e-08,-0.0126563
1.7402e-08,-0.012
1.7422e-08,-0.0107969
1.7442e-08,-0.00910938
1.7462e-08,-0.00723438
1.7482e-08,-0.00548438
1.7502e-08,-0.004
1.7522e-08,-0.003
1.7542e-08,-0.00265625
1.7562e-08,-0.00278125
1.7582e-08,-0.00328125
1.7602e-08,-0.004
1.7622e-08,-0.00465625
1.7642e-08,-0.00504688
1.7662e-08,-0.00509375
1.7682e-08,-0.00476563
1.7702e-08,-0.004
1.7722e-08,-0.00303125
1.7742e-08,-0.002
1.7762e-08,-0.00107813
1.7782e-08,-0.000406251
1.7802e-08,-7.15256e-10
1.7822e-08,4.68743e-05
1.7842e-08,-0.000109376
1.7862e-08,-0.000250001
1.7882e-08,-0.000265626
1.7902e-08,-7.15256e-10
1.7922e-08,0.000578124
1.7942e-08,0.001375
1.7962e-08,0.00232812
1.7982e-08,0.00323437
1.8002e-08,0.004
1.8022e-08,0.004375
1.8042e-08,0.0044375
1.8062e-08,0.00434375
1.8082e-08,0.00417187
1.8102e-08,0.004
1.8122e-08,0.004
1.8142e-08,0.0040625
1.8162e-08,0.00414062
1.8182e-08,0.0041875
1.8202e-08,0.004
1.8222e-08,0.0035
1.8242e-08,0.00278125
1.8262e-08,0.00184375
1.8282e-08,0.000890624
1.8302e-08,-7.15256e-10
1.8322e-08,-0.000687501
1.8342e-08,-0.000984376
1.8362e-08,-0.000984376
1.8382e-08,-0.000687501
1.8402e-08,-7.15256e-10
1.8422e-08,0.000859374
1.8442e-08,0.00179687
1.8462e-08,0.00270312
1.8482e-08,0.0034375
1.8502e-08,0.004
1.8522e-08,0.00434375
1.8542e-08,0.00442187
1.8562e-08,0.00435937
1.8582e-08,0.0041875
1.8602e-08,0.004
1.8622e-08,0.003875
1.8642e-08,0.00384375
1.8662e-08,0.0038125
1.8682e-08,0.00382812
1.8702e-08,0.004
1.8722e-08,0.00415625
1.8742e-08,0.00457812
1.8762e-08,0.00535937
1.8782e-08,0.00642187
1.8802e-08,0.008
1.8822e-08,0.009875
1.8842e-08,0.01175
1.8862e-08,0.0135937
1.8882e-08,0.0150938
1.8902e-08,0.016
1.8922e-08,0.0162656
1.8942e-08,0.0157656
1.8962e-08,0.0147812
1.8982e-08,0.0135156
1.9002e-08,0.012
1.9022e-08,0.0105781
1.9042e-08,0.00946875
1.9062e-08,0.008625
1.9082e-08,0.00817187
1.9102e-08,0.008
1.9122e-08,0.00792187
1.9142e-08,0.00801562
1.9162e-08,0.0080625
1.9182e-08,0.00804687
1.9202e-08,0.008
1.9222e-08,0.00784375
1.9242e-08,0.00771875
1.9262e-08,0.00765625
1.9282e-08,0.0076875
1.9302e-08,0.008
1.9322e-08,0.00851562
1.9342e-08,0.00925
1.9362e-08,0.0101562
1.9382e-08,0.0110937
1.9402e-08,0.012
1.9422e-08,0.0127344
1.9442e-08,0.0131094
1.9462e-08,0.0131094
1.9482e-08,0.01275
1.9502e-08,0.012
1.9522e-08,0.0110312
1.9542e-08,0.0100156
1.9562e-08,0.0090625
1.9582e-08,0.00832812
1.9602e-08,0.008
1.9622e-08,0.00803125
1.9642e-08,0.0085625
1.9662e-08,0.00948437
1.9682e-08,0.010625
1.9702e-08,0.012
1.9722e-08,0.0132969
1.9742e-08,0.014375
1.9762e-08,0.0152656
1.9782e-08,0.0158438
1.9802e-08,0.016
1.9822e-08,0.015875
1.9842e-08,0.0153281
1.9862e-08,0.0144375
1.9882e-08,0.0133437
1.9902e-08,0.012
1.9922e-08,0.0105469
1.9942e-08,0.00934375
1.9962e-08,0.00840625
1.9982e-08,0.00792187
2.0002e-08,0.008
2.0022e-08,0.00853125
2.0042e-08,0.00942187
2.0062e-08,0.0104062
2.0082e-08,0.0112969
2.0102e-08,0.012
2.0122e-08,0.0122969
2.0142e-08,0.0122969
2.0162e-08,0.0121875
2.0182e-08,0.0120625
2.0202e-08,0.012
2.0222e-08,0.0121875
2.0242e-08,0.0123906
2.0262e-08,0.0125
2.0282e-08,0.0124219
2.0302e-08,0.012
2.0322e-08,0.0111719
2.0342e-08,0.0102031
2.0362e-08,0.00920312
2.0382e-08,0.00839062
2.0402e-08,0.008
2.0422e-08,0.00814062
2.0442e-08,0.0088125
2.0462e-08,0.00979687
2.0482e-08,0.0109062
2.0502e-08,0.012
2.0522e-08,0.0127812
2.0542e-08,0.013125
2.0562e-08,0.0130625
2.0582e-08,0.012625
2.0602e-08,0.012
2.0622e-08,0.0113594
2.0642e-08,0.0109531
2.0662e-08,0.0108906
2.0682e-08,0.0112187
2.0702e-08,0.012
2.0722e-08,0.0130625
2.0742e-08,0.0141562
2.0762e-08,0.0151406
2.0782e-08,0.0158281
2.0802e-08,0.016
2.0822e-08,0.0156406
2.0842e-08,0.0148594
2.0862e-08,0.0138281
2.0882e-08,0.0127812
2.0902e-08,0.012
2.0922e-08,0.0116094
2.0942e-08,0.011875
2.0962e-08,0.0127812
2.0982e-08,0.0141875
2.1002e-08,0.016
2.1022e-08,0.0178125
2.1042e-08,0.0192344
2.1062e-08,0.0202031
2.1082e-08,0.0205313
2.1102e-08,0.02
2.1122e-08,0.0188438
2.1142e-08,0.0171875
2.1162e-08,0.0152969
2.1182e-08,0.0135312
2.1202e-08,0.012
2.1222e-08,0.0109375
2.1242e-08,0.0105625
2.1262e-08,0.0106719
2.1282e-08,0.0112187
2.1302e-08,0.012
2.1322e-08,0.0126875
2.1342e-08,0.013125
2.1362e-08,0.0131719
2.1382e-08,0.0128125
2.1402e-08,0.012
2.1422e-08,0.0109062
2.1442e-08,0.00979687
2.1462e-08,0.0088125
2.1482e-08,0.00815625
2.1502e-08,0.008
2.1522e-08,0.00832812
2.1542e-08,0.00909375
2.1562e-08,0.0100937
2.1582e-08,0.0110937
2.1602e-08,0.012
2.1622e-08,0.0125312
2.1642e-08,0.0126875
2.1662e-08,0.0126406
2.1682e-08,0.0124062
2.1702e-08,0.012
2.1722e-08,0.0117031
2.1742e-08,0.01125
2.1762e-08,0.0104687
2.1782e-08,0.00942187
2.1802e-08,0.008
2.1822e-08,0.00615625
2.1842e-08,0.00459375
2.1862e-08,0.00354687
2.1882e-08,0.00323437
2.1902e-08,0.004
2.1922e-08,0.00578125
2.1942e-08,0.00798437
2.1962e-08,0.0100781
2.1982e-08,0.0115781
2.2002e-08,0.012
2.2022e-08,0.0110469
2.2042e-08,0.0091875
2.2062e-08,0.00707812
2.2082e-08,0.0051875
2.2102e-08,0.004
2.2122e-08,0.00404687
2.2142e-08,0.00495312
2.2162e-08,0.00617187
2.2182e-08,0.00735937
2.2202e-08,0.008
2.2222e-08,0.00751562
2.2242e-08,0.0064375
2.2262e-08,0.00526562
2.2282e-08,0.00429687
2.2302e-08,0.004
2.2322e-08,0.0048125
2.2342e-08,0.006125
2.2362e-08,0.00739062
2.2382e-08,0.00825
2.2402e-08,0.008
2.2422e-08,0.0063125
2.2442e-08,0.00373437
2.2462e-08,0.000765624
2.2482e-08,-0.002
2.2502e-08,-0.004
2.2522e-08,-0.00464063
2.2542e-08,-0.0040625
2.2562e-08,-0.00284375
2.2582e-08,-0.0013125
2.2602e-08,-7.15256e-10
2.2622e-08,0.000468749
2.2642e-08,0.000124999
2.2662e-08,-0.000906251
2.2682e-08,-0.00240625
2.2702e-08,-0.004
2.2722e-08,-0.0051875
2.2742e-08,-0.00575
2.2762e-08,-0.00571875
2.2782e-08,-0.00510938
2.2802e-08,-0.004
2.2822e-08,-0.00278125
2.2842e-08,-0.001625
2.2862e-08,-0.000703126
2.2882e-08,-0.000187501
2.2902e-08,-7.15256e-10
2.2922e-08,-0.000140626
2.2942e-08,-0.000406251
2.2962e-08,-0.000546876
2.2982e-08,-0.000468751
2.3002e-08,-7.15256e-10
2.3022e-08,0.000859374
2.3042e-08,0.00189062
2.3062e-08,0.0029375
2.3082e-08,0.00378125
2.3102e-08,0.004
2.3122e-08,0.00351562
2.3142e-08,0.00229687
2.3162e-08,0.000453124
2.3182e-08,-0.0016875
2.3202e-08,-0.004
2.3222e-08,-0.00607813
2.3242e-08,-0.0075
2.3262e-08,-0.00835938
2.3282e-08,-0.00851563
2.3302e-08,-0.008
2.3322e-08,-0.00714063
2.3342e-08,-0.00604688
2.3362e-08,-0.00503125
2.3382e-08,-0.00429688
2.3402e-08,-0.004
2.3422e-08,-0.0041875
2.3442e-08,-0.00485938
2.3462e-08,-0.00584375
2.3482e-08,-0.0069375
2.3502e-08,-0.008
2.3522e-08,-0.00878125
2.3542e-08,-0.00910938
2.3562e-08,-0.00907813
2.3582e-08,-0.00873438
2.3602e-08,-0.008
2.3622e-08,-0.0071875
2.3642e-08,-0.0063125
2.3662e-08,-0.00542188
2.3682e-08,-0.00465625
2.3702e-08,-0.004
2.3722e-08,-0.00345313
2.3742e-08,-0.0031875
2.3762e-08,-0.00317188
2.3782e-08,-0.00340625
2.3802e-08,-0.004
2.3822e-08,-0.00484375
2.3842e-08,-0.00578125
2.3862e-08,-0.00670313
2.3882e-08,-0.00745313
2.3902e-08,-0.008
2.3922e-08,-0.00828125
2.3942e-08,-0.00829688
2.3962e-08,-0.00821875
2.3982e-08,-0.00810938
2.4002e-08,-0.008
2.4022e-08,-0.0080625
2.4042e-08,-0.00814063
2.4062e-08,-0.00817188
2.4082e-08,-0.00814063
2.4102e-08,-0.008
2.4122e-08,-0.0076875
2.4142e-08,-0.00742188
2.4162e-08,-0.00732813
2.4182e-08,-0.00746875
2.4202e-08,-0.008
2.4222e-08,-0.0089375
2.4242e-08,-0.00998438
2.4262e-08,-0.011
2.4282e-08,-0.0117344
2.4302e-08,-0.012
2.4322e-08,-0.0117188
2.4342e-08,-0.0109688
2.4362e-08,-0.00996875
2.4382e-08,-0.00892188
2.4402e-08,-0.008
2.4422e-08,-0.00746875
2.4442e-08,-0.00732813
2.4462e-08,-0.00742188
2.4482e-08,-0.0076875
2.4502e-08,-0.008
2.4522e-08,-0.00815625
2.4542e-08,-0.00820313
2.4562e-08,-0.008125
2.4582e-08,-0.00798438
2.4602e-08,-0.008
2.4622e-08,-0.00821875
2.4642e-08,-0.00871875
2.4662e-08,-0.00957813
2.4682e-08,-0.0106563
2.4702e-08,-0.012
2.4722e-08,-0.0134063
2.4742e-08,-0.0145781
2.4762e-08,-0.0155
2.4782e-08,-0.0160313
2.4802e-08,-0.016
2.4822e-08,-0.0155469
2.4842e-08,-0.0146875
2.4862e-08,-0.0137031
2.4882e-08,-0.0127813
2.4902e-08,-0.012
2.4922e-08,-0.0115781
2.4942e-08,-0.0114844
2.4962e-08,-0.0115625
2.4982e-08,-0.0117813
2.5002e-08,-0.012
2.5022e-08,-0.0120313
2.5042e-08,-0.0119688
2.5062e-08,-0.0119219
2.5082e-08,-0.0119219
2.5102e-08,-0.012
2.5122e-08,-0.0123125
2.5142e-08,-0.0125938
2.5162e-08,-0.0126875
2.5182e-08,-0.0125469
2.5202e-08,-0.012
2.5222e-08,-0.0110313
2.5242e-08,-0.0099375
2.5262e-08,-0.00892188
2.5282e-08,-0.00820313
2.5302e-08,-0.008
2.5322e-08,-0.0084375
2.5342e-08,-0.00932813
2.5362e-08,-0.0103594
2.5382e-08,-0.0112969
2.5402e-08,-0.012
2.5422e-08,-0.0122344
2.5442e-08,-0.0121406
2.5462e-08,-0.0119844
2.5482e-08,-0.0118438
2.5502e-08,-0.012
2.5522e-08,-0.0126719
2.5542e-08,-0.0135781
2.5562e-08,-0.0145938
2.5582e-08,-0.0155
2.5602e-08,-0.016
2.5622e-08,-0.0159375
2.5642e-08,-0.0153125
2.5662e-08,-0.0143125
2.5682e-08,-0.0131406
2.5702e-08,-0.012
2.5722e-08,-0.0112031
2.5742e-08,-0.010875
2.5762e-08,-0.0109063
2.5782e-08,-0.0112813
2.5802e-08,-0.012
2.5822e-08,-0.01275
2.5842e-08,-0.0135625
2.5862e-08,-0.0144531
2.5882e-08,-0.0152656
2.5902e-08,-0.016
2.5922e-08,-0.0166719
2.5942e-08,-0.017
2.5962e-08,-0.0170156
2.5982e-08,-0.0167188
2.6002e-08,-0.016
2.6022e-08,-0.015
2.6042e-08,-0.0139219
2.6062e-08,-0.0129531
2.6082e-08,-0.01225
2.6102e-08,-0.012
2.6122e-08,-0.0122188
2.6142e-08,-0.0128906
2.6162e-08,-0.0138594
2.6182e-08,-0.0149531
2.6202e-08,-0.016
2.6222e-08,-0.0167969
2.6242e-08,-0.0171563
2.6262e-08,-0.0171406
2.6282e-08,-0.0167813
2.6302e-08,-0.016
2.6322e-08,-0.0150938
2.6342e-08,-0.0141406
2.6362e-08,-0.0132344
2.6382e-08,-0.0125156
2.6402e-08,-0.012
2.6422e-08,-0.0116875
2.6442e-08,-0.0116406
2.6462e-08,-0.0117031
2.6482e-08,-0.0118281
2.6502e-08,-0.012
2.6522e-08,-0.012125
2.6542e-08,-0.0121875
2.6562e-08,-0.0121719
2.6582e-08,-0.0121094
2.6602e-08,-0.012
2.6622e-08,-0.0119531
2.6642e-08,-0.0119219
2.6662e-08,-0.0119219
2.6682e-08,-0.0119688
2.6702e-08,-0.012
2.6722e-08,-0.0120156
2.6742e-08,-0.0120156
2.6762e-08,-0.012
2.6782e-08,-0.012
2.6802e-08,-0.012
2.6822e-08,-0.0120781
2.6842e-08,-0.0121406
2.6862e-08,-0.0121563
2.6882e-08,-0.012125
2.6902e-08,-0.012
2.6922e-08,-0.0118125
2.6942e-08,-0.0116406
2.6962e-08,-0.0116094
2.6982e-08,-0.0117344
2.7002e-08,-0.012
2.7022e-08,-0.0124375
2.7042e-08,-0.0127656
2.7062e-08,-0.0128594
2.7082e-08,-0.0126563
2.7102e-08,-0.012
2.7122e-08,-0.0109063
2.7142e-08,-0.00973438
2.7162e-08,-0.00871875
2.7182e-08,-0.00807813
2.7202e-08,-0.008
2.7222e-08,-0.00857813
2.7242e-08,-0.0095625
2.7262e-08,-0.010625
2.7282e-08,-0.0115469
2.7302e-08,-0.012
2.7322e-08,-0.0118125
2.7342e-08,-0.0110625
2.7362e-08,-0.0100469
2.7382e-08,-0.00895313
2.7402e-08,-0.008
2.7422e-08,-0.00753125
2.7442e-08,-0.00746875
2.7462e-08,-0.00760938
2.7482e-08,-0.00789063
2.7502e-08,-0.008
2.7522e-08,-0.00778125
2.7542e-08,-0.00723438
2.7562e-08,-0.00629688
2.7582e-08,-0.00517188
2.7602e-08,-0.004
2.7622e-08,-0.00303125
2.7642e-08,-0.00251563
2.7662e-08,-0.0025
2.7682e-08,-0.003
2.7702e-08,-0.004
2.7722e-08,-0.00529688
2.7742e-08,-0.00654688
2.7762e-08,-0.00754688
2.7782e-08,-0.00807813
2.7802e-08,-0.008
2.7822e-08,-0.00735938
2.7842e-08,-0.00635938
2.7862e-08,-0.00529688
2.7882e-08,-0.00442188
2.7902e-08,-0.004
2.7922e-08,-0.00423438
2.7942e-08,-0.00498438
2.7962e-08,-0.00603125
2.7982e-08,-0.00715625
2.8002e-08,-0.008
2.8022e-08,-0.00834375
2.8042e-08,-0.008
2.8062e-08,-0.0070625
2.8082e-08,-0.00570313
2.8102e-08,-0.004
2.8122e-08,-0.00235938
2.8142e-08,-0.0010625
2.8162e-08,-0.000156251
2.8182e-08,0.000218749
2.8202e-08,-7.15256e-10
2.8222e-08,-0.000593751
2.8242e-08,-0.0015
2.8262e-08,-0.00246875
2.8282e-08,-0.00332813
2.8302e-08,-0.004
2.8322e-08,-0.004375
2.8342e-08,-0.0044375
2.8362e-08,-0.00435938
2.8382e-08,-0.0041875
2.8402e-08,-0.004
2.8422e-08,-0.00396875
2.8442e-08,-0.00398438
2.8462e-08,-0.0040625
2.8482e-08,-0.00414063
2.8502e-08,-0.004
2.8522e-08,-0.00364063
2.8542e-08,-0.00301563
2.8562e-08,-0.00210938
2.8582e-08,-0.0010625
2.8602e-08,-7.15256e-10
2.8622e-08,0.000890624
2.8642e-08,0.00135937
2.8662e-08,0.001375
2.8682e-08,0.000937499
2.8702e-08,-7.15256e-10
2.8722e-08,-0.00125
2.8742e-08,-0.00246875
2.8762e-08,-0.0035
2.8782e-08,-0.00410938
2.8802e-08,-0.004
2.8822e-08,-0.00325
2.8842e-08,-0.00184375
2.8862e-08,4.68743e-05
2.8882e-08,0.0020625
2.8902e-08,0.004
2.8922e-08,0.00553125
2.8942e-08,0.00625
2.8962e-08,0.00625
2.8982e-08,0.00553125
2.9002e-08,0.004
2.9022e-08,0.00210937
2.9042e-08,0.000124999
2.9062e-08,-0.00175
2.9082e-08,-0.0031875
2.9102e-08,-0.004
2.9122e-08,-0.00423438
2.9142e-08,-0.00371875
2.9162e-08,-0.00273438
2.9182e-08,-0.00148438
2.9202e-08,-7.15256e-10
2.9222e-08,0.0013125
2.9242e-08,0.00235937
2.9262e-08,0.0031875
2.9282e-08,0.00371875
2.9302e-08,0.004
2.9322e-08,0.00417187
2.9342e-08,0.00417187
2.9362e-08,0.00414062
2.9382e-08,0.00407812
2.9402e-08,0.004
2.9422e-08,0.003875
2.9442e-08,0.00379687
2.9462e-08,0.00378125
2.9482e-08,0.00384375
2.9502e-08,0.004
2.9522e-08,0.00425
2.9542e-08,0.0044375
2.9562e-08,0.00451562
2.9582e-08,0.00440625
2.9602e-08,0.004
2.9622e-08,0.00334375
2.9642e-08,0.00254687
2.9662e-08,0.001625
2.9682e-08,0.000749999
2.9702e-08,-7.15256e-10
2.9722e-08,-0.000546876
2.9742e-08,-0.000750001
2.9762e-08,-0.000734376
2.9782e-08,-0.000515626
2.9802e-08,-7.15256e-10
2.9822e-08,0.000562499
2.9842e-08,0.00126562
2.9862e-08,0.00210937
2.9882e-08,0.00296875
2.9902e-08,0.004
2.9922e-08,0.00507812
2.9942e-08,0.00604687
2.9962e-08,0.00692187
2.9982e-08,0.00757812
3.0002e-08,0.008
3.0022e-08,0.00815625
3.0042e-08,0.00810937
3.0062e-08,0.00803125
3.0082e-08,0.00798437
3.0102e-08,0.008
3.0122e-08,0.00817187
3.0142e-08,0.00834375
3.0162e-08,0.0084375
3.0182e-08,0.008375
3.0202e-08,0.008
3.0222e-08,0.00728125
3.0242e-08,0.00640625
3.0262e-08,0.00546875
3.0282e-08,0.00464062
3.0302e-08,0.004
3.0322e-08,0.00364062
3.0342e-08,0.00357812
3.0362e-08,0.00367187
3.0382e-08,0.00382812
3.0402e-08,0.004
3.0422e-08,0.00398437
3.0442e-08,0.00392187
3.0462e-08,0.00384375
3.0482e-08,0.00379687
3.0502e-08,0.004
3.0522e-08,0.0044375
3.0542e-08,0.005125
3.0562e-08,0.00604687
3.0582e-08,0.00703125
3.0602e-08,0.008
3.0622e-08,0.00879687
3.0642e-08,0.0091875
3.0662e-08,0.00920312
3.0682e-08,0.0088125
3.0702e-08,0.008
3.0722e-08,0.00695312
3.0742e-08,0.00590625
3.0762e-08,0.0049375
3.0782e-08,0.00425
3.0802e-08,0.004
3.0822e-08,0.004125
3.0842e-08,0.00473437
3.0862e-08,0.00570312
3.0882e-08,0.00682812
3.0902e-08,0.008
3.0922e-08,0.00896875
3.0942e-08,0.00945312
3.0962e-08,0.00945312
3.0982e-08,0.00896875
3.1002e-08,0.008
3.1022e-08,0.00676562
3.1042e-08,0.0055625
3.1062e-08,0.00457812
3.1082e-08,0.004
3.1102e-08,0.004
3.1122e-08,0.0045
3.1142e-08,0.00539062
3.1162e-08,0.00642187
3.1182e-08,0.007375
3.1202e-08,0.008
3.1222e-08,0.00817187
3.1242e-08,0.00775
3.1262e-08,0.00678125
3.1282e-08,0.00546875
3.1302e-08,0.004
3.1322e-08,0.00260937
3.1342e-08,0.0018125
3.1362e-08,0.00173437
3.1382e-08,0.00242187
3.1402e-08,0.004
3.1422e-08,0.00610937
3.1442e-08,0.00829687
3.1462e-08,0.0102344
3.1482e-08,0.0115312
3.1502e-08,0.012
3.1522e-08,0.0115625
3.1542e-08,0.0105
3.1562e-08,0.00934375
3.1582e-08,0.00840625
3.1602e-08,0.008
3.1622e-08,0.0084375
3.1642e-08,0.00940625
3.1662e-08,0.0105625
3.1682e-08,0.0115937
3.1702e-08,0.012
3.1722e-08,0.0114531
3.1742e-08,0.0100937
3.1762e-08,0.00815625
3.1782e-08,0.00601562
3.1802e-08,0.004
3.1822e-08,0.0025625
3.1842e-08,0.002
3.1862e-08,0.00209375
3.1882e-08,0.00279687
3.1902e-08,0.004
3.1922e-08,0.00517187
3.1942e-08,0.00625
3.1962e-08,0.00714062
3.1982e-08,0.00770312
3.2002e-08,0.008
3.2022e-08,0.00810937
3.2042e-08,0.00804687
3.2062e-08,0.00796875
3.2082e-08,0.00795312
3.2102e-08,0.008
3.2122e-08,0.0081875
3.2142e-08,0.008375
3.2162e-08,0.00845312
3.2182e-08,0.00839062
3.2202e-08,0.008
3.2222e-08,0.00728125
3.2242e-08,0.00640625
3.2262e-08,0.00545312
3.2282e-08,0.004625
3.2302e-08,0.004
3.2322e-08,0.00373437
3.2342e-08,0.00378125
3.2362e-08,0.003875
3.2382e-08,0.00398437
3.2402e-08,0.004
3.2422e-08,0.00370312
3.2442e-08,0.00342187
3.2462e-08,0.0033125
3.2482e-08,0.0034375
3.2502e-08,0.004
3.2522e-08,0.00504687
3.2542e-08,0.00620312
3.2562e-08,0.00723437
3.2582e-08,0.00790625
3.2602e-08,0.008
3.2622e-08,0.00735937
3.2642e-08,0.0063125
3.2662e-08,0.00521875
3.2682e-08,0.00434375
3.2702e-08,0.004
3.2722e-08,0.00439062
3.2742e-08,0.00529687
3.2762e-08,0.00639062
3.2782e-08,0.00740625
3.2802e-08,0.008
3.2822e-08,0.00782812
3.2842e-08,0.00707812
3.2862e-08,0.00604687
3.2882e-08,0.0049375
3.2902e-08,0.004
3.2922e-08,0.0035625
3.2942e-08,0.00353125
3.2962e-08,0.00370312
3.2982e-08,0.00395312
3.3002e-08,0.004
3.3022e-08,0.00354687
3.3042e-08,0.00279687
3.3062e-08,0.00182812
3.3082e-08,0.000843749
3.3102e-08,-7.15256e-10
3.3122e-08,-0.000484376
3.3142e-08,-0.000593751
3.3162e-08,-0.000515626
3.3182e-08,-0.000281251
3.3202e-08,-7.15256e-10
3.3222e-08,0.000109374
3.3242e-08,0.000124999
3.3262e-08,9.37493e-05
3.3282e-08,1.56243e-05
3.3302e-08,-7.15256e-10
3.3322e-08,0.000124999
3.3342e-08,0.000265624
3.3362e-08,0.000328124
3.3382e-08,0.000296874
3.3402e-08,-7.15256e-10
3.3422e-08,-0.000531251
3.3442e-08,-0.00126563
3.3462e-08,-0.00217188
3.3482e-08,-0.003125
3.3502e-08,-0.004
3.3522e-08,-0.0046875
3.3542e-08,-0.00498438
3.3562e-08,-0.00498438
3.3582e-08,-0.00467188
3.3602e-08,-0.004
3.3622e-08,-0.00315625
3.3642e-08,-0.00223438
3.3662e-08,-0.0013125
3.3682e-08,-0.000578126
3.3702e-08,-7.15256e-10
3.3722e-08,0.000343749
3.3742e-08,0.000421874
3.3762e-08,0.000359374
3.3782e-08,0.000203124
3.3802e-08,-7.15256e-10
3.3822e-08,-0.000156251
3.3842e-08,-0.000250001
3.3862e-08,-0.000234376
3.3882e-08,-0.000140626
3.3902e-08,-7.15256e-10
3.3922e-08,7.81243e-05
3.3942e-08,0.000109374
3.3962e-08,0.000109374
3.3982e-08,7.81243e-05
3.4002e-08,-7.15256e-10
3.4022e-08,-0.000125001
3.4042e-08,-0.000203126
3.4062e-08,-0.000218751
3.4082e-08,-0.000140626
3.4102e-08,-7.15256e-10
3.4122e-08,0.000156249
3.4142e-08,0.000281249
3.4162e-08,0.000328124
3.4182e-08,0.000281249
3.4202e-08,-7.15256e-10
3.4222e-08,-0.000484376
3.4242e-08,-0.00117188
3.4262e-08,-0.00204688
3.4282e-08,-0.00296875
3.4302e-08,-0.004
3.4322e-08,-0.00501563
3.4342e-08,-0.00589063
3.4362e-08,-0.00675
3.4382e-08,-0.00745313
3.4402e-08,-0.008
3.4422e-08,-0.0084375
3.4442e-08,-0.00859375
3.4462e-08,-0.00859375
3.4482e-08,-0.00845313
3.4502e-08,-0.008
3.4522e-08,-0.00742188
3.4542e-08,-0.0066875
3.4562e-08,-0.00579688
3.4582e-08,-0.00489063
3.4602e-08,-0.004
3.4622e-08,-0.0031875
3.4642e-08,-0.00276563
3.4662e-08,-0.00273438
3.4682e-08,-0.00314063
3.4702e-08,-0.004
3.4722e-08,-0.00517188
3.4742e-08,-0.00634375
3.4762e-08,-0.00734375
3.4782e-08,-0.00795313
3.4802e-08,-0.008
3.4822e-08,-0.0075
3.4842e-08,-0.00659375
3.4862e-08,-0.00554688
3.4882e-08,-0.00459375
3.4902e-08,-0.004
3.4922e-08,-0.00395313
3.4942e-08,-0.00448438
3.4962e-08,-0.00545313
3.4982e-08,-0.0066875
