-2e-08,-0.000226562
-1.996e-08,-0.000421875
-1.992e-08,-0.000484375
-1.988e-08,-0.00040625
-1.984e-08,-0.00034375
-1.98e-08,-0.000382812
-1.976e-08,-0.000539062
-1.972e-08,-0.000648437
-1.968e-08,-0.000640625
-1.964e-08,-0.00053125
-1.96e-08,-0.000375
-1.956e-08,-0.000390625
-1.952e-08,-0.000523437
-1.948e-08,-0.000609375
-1.944e-08,-0.000570312
-1.94e-08,-0.000320312
-1.936e-08,-0.000117187
-1.932e-08,-0.000132812
-1.928e-08,-0.00034375
-1.924e-08,-0.000507812
-1.92e-08,-0.000578125
-1.916e-08,-0.000578125
-1.912e-08,-0.000671875
-1.908e-08,-0.000882812
-1.904e-08,-0.000914062
-1.9e-08,-0.000726562
-1.896e-08,-0.0004375
-1.892e-08,-0.000242187
-1.888e-08,-0.000296875
-1.884e-08,-0.000507812
-1.88e-08,-0.000796875
-1.876e-08,-0.00100781
-1.872e-08,-0.00117969
-1.868e-08,-0.00117969
-1.864e-08,-0.0010625
-1.86e-08,-0.0009375
-1.856e-08,-0.000804687
-1.852e-08,-0.000765625
-1.848e-08,-0.000765625
-1.844e-08,-0.000789062
-1.84e-08,-0.000875
-1.836e-08,-0.00103906
-1.832e-08,-0.001125
-1.828e-08,-0.00102344
-1.824e-08,-0.00078125
-1.82e-08,-0.000515625
-1.816e-08,-0.00034375
-1.812e-08,-0.000460937
-1.808e-08,-0.000648437
-1.804e-08,-0.000929687
-1.8e-08,-0.001125
-1.796e-08,-0.00119531
-1.792e-08,-0.00122656
-1.788e-08,-0.001125
-1.784e-08,-0.00110937
-1.78e-08,-0.00107812
-1.776e-08,-0.000945312
-1.772e-08,-0.00078125
-1.768e-08,-0.000679687
-1.764e-08,-0.000695312
-1.76e-08,-0.000757812
-1.756e-08,-0.00078125
-1.752e-08,-0.000796875
-1.748e-08,-0.000898437
-1.744e-08,-0.0011875
-1.74e-08,-0.00148437
-1.736e-08,-0.00159375
-1.732e-08,-0.00141406
-1.728e-08,-0.00122656
-1.724e-08,-0.00111719
-1.72e-08,-0.00110156
-1.716e-08,-0.00116406
-1.712e-08,-0.00116406
-1.708e-08,-0.00117187
-1.704e-08,-0.00114844
-1.7e-08,-0.00111719
-1.696e-08,-0.00105469
-1.692e-08,-0.000960937
-1.688e-08,-0.000859375
-1.684e-08,-0.000820312
-1.68e-08,-0.000882812
-1.676e-08,-0.00103906
-1.672e-08,-0.00115625
-1.668e-08,-0.00107812
-1.664e-08,-0.00075
-1.66e-08,-0.000453125
-1.656e-08,-0.000414062
-1.652e-08,-0.00065625
-1.648e-08,-0.00096875
-1.644e-08,-0.001125
-1.64e-08,-0.00105469
-1.636e-08,-0.000929687
-1.632e-08,-0.000875
-1.628e-08,-0.000953125
-1.624e-08,-0.00103125
-1.62e-08,-0.00104687
-1.616e-08,-0.00104687
-1.612e-08,-0.000976562
-1.608e-08,-0.000984375
-1.604e-08,-0.00107031
-1.6e-08,-0.00113281
-1.596e-08,-0.00117187
-1.592e-08,-0.00115625
-1.588e-08,-0.00117187
-1.584e-08,-0.00124219
-1.58e-08,-0.00125781
-1.576e-08,-0.00115625
-1.572e-08,-0.00103906
-1.568e-08,-0.000984375
-1.564e-08,-0.00109375
-1.56e-08,-0.00124219
-1.556e-08,-0.00119531
-1.552e-08,-0.00107031
-1.548e-08,-0.00102344
-1.544e-08,-0.00111719
-1.54e-08,-0.00123437
-1.536e-08,-0.00110156
-1.532e-08,-0.000789062
-1.528e-08,-0.00059375
-1.524e-08,-0.000640625
-1.52e-08,-0.0008125
-1.516e-08,-0.000929687
-1.512e-08,-0.000835937
-1.508e-08,-0.000773437
-1.504e-08,-0.000828125
-1.5e-08,-0.000828125
-1.496e-08,-0.000742187
-1.492e-08,-0.0005625
-1.488e-08,-0.00053125
-1.484e-08,-0.000710937
-1.48e-08,-0.000890625
-1.476e-08,-0.000859375
-1.472e-08,-0.00065625
-1.468e-08,-0.000476562
-1.464e-08,-0.000539062
-1.46e-08,-0.000710937
-1.456e-08,-0.000773437
-1.452e-08,-0.000679687
-1.448e-08,-0.000539062
-1.444e-08,-0.00059375
-1.44e-08,-0.000710937
-1.436e-08,-0.000726562
-1.432e-08,-0.000585937
-1.428e-08,-0.000429687
-1.424e-08,-0.000445312
-1.42e-08,-0.0005625
-1.416e-08,-0.000671875
-1.412e-08,-0.000648437
-1.408e-08,-0.000476562
-1.404e-08,-0.000289062
-1.4e-08,-0.000203125
-1.396e-08,-0.000390625
-1.392e-08,-0.00065625
-1.388e-08,-0.00090625
-1.384e-08,-0.000960937
-1.38e-08,-0.000796875
-1.376e-08,-0.000515625
-1.372e-08,-0.00034375
-1.368e-08,-0.000257812
-1.364e-08,-0.000335937
-1.36e-08,-0.000539062
-1.356e-08,-0.000710937
-1.352e-08,-0.000820312
-1.348e-08,-0.000789062
-1.344e-08,-0.000679687
-1.34e-08,-0.000523437
-1.336e-08,-0.000359375
-1.332e-08,-0.0003125
-1.328e-08,-0.000398437
-1.324e-08,-0.000554687
-1.32e-08,-0.000695312
-1.316e-08,-0.000671875
-1.312e-08,-0.0005625
-1.308e-08,-0.000570312
-1.304e-08,-0.00071875
-1.3e-08,-0.0009375
-1.296e-08,-0.00107812
-1.292e-08,-0.000984375
-1.288e-08,-0.000820312
-1.284e-08,-0.000585937
-1.28e-08,-0.000476562
-1.276e-08,-0.000453125
-1.272e-08,-0.000546875
-1.268e-08,-0.000703125
-1.264e-08,-0.000835937
-1.26e-08,-0.000835937
-1.256e-08,-0.00071875
-1.252e-08,-0.000585937
-1.248e-08,-0.00059375
-1.244e-08,-0.00075
-1.24e-08,-0.000890625
-1.236e-08,-0.000890625
-1.232e-08,-0.000820312
-1.228e-08,-0.000765625
-1.224e-08,-0.000789062
-1.22e-08,-0.000703125
-1.216e-08,-0.000554687
-1.212e-08,-0.000445312
-1.208e-08,-0.000445312
-1.204e-08,-0.000554687
-1.2e-08,-0.000640625
-1.196e-08,-0.000617187
-1.192e-08,-0.000578125
-1.188e-08,-0.000539062
-1.184e-08,-0.000640625
-1.18e-08,-0.00078125
-1.176e-08,-0.000835937
-1.172e-08,-0.00075
-1.168e-08,-0.0005625
-1.164e-08,-0.000359375
-1.16e-08,-0.000289062
-1.156e-08,-0.000367187
-1.152e-08,-0.00046875
-1.148e-08,-0.000546875
-1.144e-08,-0.000507812
-1.14e-08,-0.000382812
-1.136e-08,-0.000265625
-1.132e-08,-0.000257812
-1.128e-08,-0.000328125
-1.124e-08,-0.000414062
-1.12e-08,-0.000398437
-1.116e-08,-0.000328125
-1.112e-08,-0.000242187
-1.108e-08,-0.000289062
-1.104e-08,-0.000398437
-1.1e-08,-0.000507812
-1.096e-08,-0.0005
-1.092e-08,-0.000460937
-1.088e-08,-0.000367187
-1.084e-08,-0.000328125
-1.08e-08,-0.000359375
-1.076e-08,-0.000515625
-1.072e-08,-0.000789062
-1.068e-08,-0.00107812
-1.064e-08,-0.00111719
-1.06e-08,-0.000929687
-1.056e-08,-0.00059375
-1.052e-08,-0.000367187
-1.048e-08,-0.000484375
-1.044e-08,-0.000710937
-1.04e-08,-0.0008125
-1.036e-08,-0.000601562
-1.032e-08,-0.00025
-1.028e-08,-7.81249e-05
-1.024e-08,-0.000171875
-1.02e-08,-0.000328125
-1.016e-08,-0.000375
-1.012e-08,-0.000375
-1.008e-08,-0.00040625
-1.004e-08,-0.000640625
-1e-08,-0.000835937
-9.96e-09,-0.000828125
-9.92e-09,-0.000710937
-9.88e-09,-0.000578125
-9.84e-09,-0.000664062
-9.8e-09,-0.000804687
-9.76e-09,-0.000851562
-9.72e-09,-0.0006875
-9.68e-09,-0.000460937
-9.64e-09,-0.000351562
-9.6e-09,-0.0004375
-9.56e-09,-0.000554687
-9.52e-09,-0.000726562
-9.48e-09,-0.000929687
-9.44e-09,-0.00111719
-9.4e-09,-0.00119531
-9.36e-09,-0.00102344
-9.32e-09,-0.000742187
-9.28e-09,-0.000554687
-9.24e-09,-0.000609375
-9.2e-09,-0.000882812
-9.16e-09,-0.00114844
-9.12e-09,-0.00124219
-9.08e-09,-0.00117187
-9.04e-09,-0.00103125
-9e-09,-0.000914062
-8.96e-09,-0.000882812
-8.92e-09,-0.00084375
-8.88e-09,-0.000804687
-8.84e-09,-0.000695312
-8.8e-09,-0.000625
-8.76e-09,-0.000632812
-8.72e-09,-0.000734375
-8.68e-09,-0.000882812
-8.64e-09,-0.000921875
-8.6e-09,-0.00084375
-8.56e-09,-0.000695312
-8.52e-09,-0.00053125
-8.48e-09,-0.000460937
-8.44e-09,-0.000617187
-8.4e-09,-0.000867187
-8.36e-09,-0.00103125
-8.32e-09,-0.000953125
-8.28e-09,-0.000773437
-8.24e-09,-0.0006875
-8.2e-09,-0.0008125
-8.16e-09,-0.00096875
-8.12e-09,-0.00103906
-8.08e-09,-0.000976562
-8.04e-09,-0.000882812
-8e-09,-0.000828125
-7.96e-09,-0.000703125
-7.92e-09,-0.0005
-7.88e-09,-0.00034375
-7.84e-09,-0.000398437
-7.8e-09,-0.000625
-7.76e-09,-0.000945312
-7.72e-09,-0.00108594
-7.68e-09,-0.00104687
-7.64e-09,-0.000945312
-7.6e-09,-0.000765625
-7.56e-09,-0.000671875
-7.52e-09,-0.000617187
-7.48e-09,-0.000640625
-7.44e-09,-0.00071875
-7.4e-09,-0.000835937
-7.36e-09,-0.0009375
-7.32e-09,-0.000945312
-7.28e-09,-0.00084375
-7.24e-09,-0.000703125
-7.2e-09,-0.000570312
-7.16e-09,-0.000601562
-7.12e-09,-0.000757812
-7.08e-09,-0.000921875
-7.04e-09,-0.000953125
-7e-09,-0.000835937
-6.96e-09,-0.000640625
-6.92e-09,-0.000554687
-6.88e-09,-0.00065625
-6.84e-09,-0.00084375
-6.8e-09,-0.00090625
-6.76e-09,-0.00078125
-6.72e-09,-0.000648437
-6.68e-09,-0.000734375
-6.64e-09,-0.00101562
-6.6e-09,-0.00121875
-6.56e-09,-0.00107031
-6.52e-09,-0.00071875
-6.48e-09,-0.000476562
-6.44e-09,-0.000523437
-6.4e-09,-0.00078125
-6.36e-09,-0.00096875
-6.32e-09,-0.000992187
-6.28e-09,-0.000875
-6.24e-09,-0.000742187
-6.2e-09,-0.000765625
-6.16e-09,-0.000867187
-6.12e-09,-0.0009375
-6.08e-09,-0.000859375
-6.04e-09,-0.000671875
-6e-09,-0.000617187
-5.96e-09,-0.000789062
-5.92e-09,-0.00104687
-5.88e-09,-0.00114844
-5.84e-09,-0.00096875
-5.8e-09,-0.000734375
-5.76e-09,-0.0005625
-5.72e-09,-0.000546875
-5.68e-09,-0.000539062
-5.64e-09,-0.000523437
-5.6e-09,-0.00053125
-5.56e-09,-0.000640625
-5.52e-09,-0.000882812
-5.48e-09,-0.00109375
-5.44e-09,-0.00115625
-5.4e-09,-0.001
-5.36e-09,-0.000773437
-5.32e-09,-0.0005625
-5.28e-09,-0.000398437
-5.24e-09,-0.000398437
-5.2e-09,-0.000484375
-5.16e-09,-0.000671875
-5.12e-09,-0.0008125
-5.08e-09,-0.000789062
-5.04e-09,-0.000609375
-5e-09,-0.000390625
-4.96e-09,-0.000328125
-4.92e-09,-0.0004375
-4.88e-09,-0.0006875
-4.84e-09,-0.0010625
-4.8e-09,-0.00141406
-4.76e-09,-0.00169531
-4.72e-09,-0.00185156
-4.68e-09,-0.00192188
-4.64e-09,-0.00207031
-4.6e-09,-0.00230469
-4.56e-09,-0.00252344
-4.52e-09,-0.00270313
-4.48e-09,-0.00277344
-4.44e-09,-0.00273438
-4.4e-09,-0.00259375
-4.36e-09,-0.00235156
-4.32e-09,-0.00210156
-4.28e-09,-0.00191406
-4.24e-09,-0.00177344
-4.2e-09,-0.00172656
-4.16e-09,-0.00155469
-4.12e-09,-0.00133594
-4.08e-09,-0.000921875
-4.04e-09,-0.000460937
-4e-09,-9.37499e-05
-3.96e-09,0.00021875
-3.92e-09,0.000382813
-3.88e-09,0.00053125
-3.84e-09,0.000632813
-3.8e-09,0.000664063
-3.76e-09,0.000648438
-3.72e-09,0.000648438
-3.68e-09,0.000820313
-3.64e-09,0.00108594
-3.6e-09,0.00135156
-3.56e-09,0.0015
-3.52e-09,0.00146094
-3.48e-09,0.00127344
-3.44e-09,0.00110156
-3.4e-09,0.00107813
-3.36e-09,0.00132813
-3.32e-09,0.00167969
-3.28e-09,0.00196094
-3.24e-09,0.00192188
-3.2e-09,0.00171094
-3.16e-09,0.00153125
-3.12e-09,0.00165625
-3.08e-09,0.00189844
-3.04e-09,0.0020625
-3e-09,0.00203906
-2.96e-09,0.00197656
-2.92e-09,0.00196875
-2.88e-09,0.00194531
-2.84e-09,0.00184375
-2.8e-09,0.00174219
-2.76e-09,0.00165625
-2.72e-09,0.0016875
-2.68e-09,0.00174219
-2.64e-09,0.001875
-2.6e-09,0.00239063
-2.56e-09,0.00355469
-2.52e-09,0.0054375
-2.48e-09,0.00794531
-2.44e-09,0.0103828
-2.4e-09,0.0126172
-2.36e-09,0.014
-2.32e-09,0.0140625
-2.28e-09,0.0127656
-2.24e-09,0.00951563
-2.2e-09,0.00480469
-2.16e-09,-0.00142187
-2.12e-09,-0.00853125
-2.08e-09,-0.0160547
-2.04e-09,-0.0240313
-2e-09,-0.0320234
-1.96e-09,-0.0398984
-1.92e-09,-0.0470313
-1.88e-09,-0.0533203
-1.84e-09,-0.0585938
-1.8e-09,-0.0631641
-1.76e-09,-0.0671875
-1.72e-09,-0.0709375
-1.68e-09,-0.0749141
-1.64e-09,-0.0788516
-1.6e-09,-0.0828906
-1.56e-09,-0.0867266
-1.52e-09,-0.0898984
-1.48e-09,-0.0927891
-1.44e-09,-0.0953359
-1.4e-09,-0.0979453
-1.36e-09,-0.100391
-1.32e-09,-0.102336
-1.28e-09,-0.10382
-1.24e-09,-0.104703
-1.2e-09,-0.105508
-1.16e-09,-0.106367
-1.12e-09,-0.107203
-1.08e-09,-0.107875
-1.04e-09,-0.107992
-1e-09,-0.107672
-9.6e-10,-0.106977
-9.2e-10,-0.106234
-8.8e-10,-0.105531
-8.4e-10,-0.104875
-8e-10,-0.104203
-7.6e-10,-0.103375
-7.2e-10,-0.102523
-6.8e-10,-0.101703
-6.4e-10,-0.100758
-6e-10,-0.0996797
-5.6e-10,-0.0982891
-5.2e-10,-0.0966641
-4.8e-10,-0.0948984
-4.4e-10,-0.0931328
-4e-10,-0.0913203
-3.6e-10,-0.0894063
-3.2e-10,-0.0874375
-2.8e-10,-0.0854531
-2.4e-10,-0.0835313
-2e-10,-0.0816406
-1.6e-10,-0.0799531
-1.2e-10,-0.0785
-8e-11,-0.0773047
-4e-11,-0.0763047
0,-0.0754297
4e-11,-0.0746328
8e-11,-0.0739453
1.2e-10,-0.0730938
1.6e-10,-0.0721875
2e-10,-0.0712969
2.4e-10,-0.0707266
2.8e-10,-0.0705313
3.2e-10,-0.0704141
3.6e-10,-0.0701484
4e-10,-0.0697344
4.4e-10,-0.0693906
4.8e-10,-0.0692266
5.2e-10,-0.0692656
5.6e-10,-0.0692891
6e-10,-0.0693359
6.4e-10,-0.0694453
6.8e-10,-0.0695547
7.2e-10,-0.0696016
7.6e-10,-0.0693672
8e-10,-0.0688438
8.4e-10,-0.0681797
8.8e-10,-0.0675078
9.2e-10,-0.0669531
9.6e-10,-0.0663281
1e-09,-0.0656484
1.04e-09,-0.0648594
1.08e-09,-0.0640781
1.12e-09,-0.0632969
1.16e-09,-0.0625078
1.2e-09,-0.0617188
1.24e-09,-0.0608438
1.28e-09,-0.0598281
1.32e-09,-0.0586094
1.36e-09,-0.0572188
1.4e-09,-0.0558984
1.44e-09,-0.0546016
1.48e-09,-0.0534531
1.52e-09,-0.0522734
1.56e-09,-0.051
1.6e-09,-0.0495938
1.64e-09,-0.0480391
1.68e-09,-0.0465
1.72e-09,-0.0449688
1.76e-09,-0.0435469
1.8e-09,-0.0422188
1.84e-09,-0.0407031
1.88e-09,-0.0388516
1.92e-09,-0.0367422
1.96e-09,-0.0346641
2e-09,-0.0330703
2.04e-09,-0.0318594
2.08e-09,-0.0306484
2.12e-09,-0.0290391
2.16e-09,-0.0270156
2.2e-09,-0.0250469
2.24e-09,-0.0234766
2.28e-09,-0.0222734
2.32e-09,-0.0210391
2.36e-09,-0.0195313
2.4e-09,-0.0178203
2.44e-09,-0.0161563
2.48e-09,-0.0146172
2.52e-09,-0.0130703
2.56e-09,-0.0115234
2.6e-09,-0.00990625
2.64e-09,-0.00824219
2.68e-09,-0.00659375
2.72e-09,-0.00501563
2.76e-09,-0.0036875
2.8e-09,-0.00253906
2.84e-09,-0.00145312
2.88e-09,-0.000289062
2.92e-09,0.000945313
2.96e-09,0.00200781
3e-09,0.00285938
3.04e-09,0.00361719
3.08e-09,0.00432813
3.12e-09,0.00500781
3.16e-09,0.00552344
3.2e-09,0.00586719
3.24e-09,0.00613281
3.28e-09,0.00650781
3.32e-09,0.00719531
3.36e-09,0.00805469
3.4e-09,0.00889063
3.44e-09,0.00942969
3.48e-09,0.00951563
3.52e-09,0.00947656
3.56e-09,0.00950781
3.6e-09,0.00976563
3.64e-09,0.0100234
3.68e-09,0.0100547
3.72e-09,0.01
3.76e-09,0.0100391
3.8e-09,0.0103516
3.84e-09,0.0107031
3.88e-09,0.0108516
3.92e-09,0.0106563
3.96e-09,0.0102813
4e-09,0.00999219
4.04e-09,0.01
4.08e-09,0.0100859
4.12e-09,0.0100781
4.16e-09,0.00991406
4.2e-09,0.00985938
4.24e-09,0.00997656
4.28e-09,0.0101719
4.32e-09,0.0101328
4.36e-09,0.00971094
4.4e-09,0.00910156
4.44e-09,0.00860938
4.48e-09,0.00839844
4.52e-09,0.00839063
4.56e-09,0.00829688
4.6e-09,0.00809375
4.64e-09,0.00765625
4.68e-09,0.00719531
4.72e-09,0.00676563
4.76e-09,0.00636719
4.8e-09,0.00591406
4.84e-09,0.00542188
4.88e-09,0.00498438
4.92e-09,0.0046875
4.96e-09,0.0045
5e-09,0.00423438
5.04e-09,0.00378125
5.08e-09,0.00316406
5.12e-09,0.0025
5.16e-09,0.00189844
5.2e-09,0.00135938
5.24e-09,0.000867188
5.28e-09,0.000304688
5.32e-09,-0.000273437
5.36e-09,-0.000945312
5.4e-09,-0.00169531
5.44e-09,-0.00253906
5.48e-09,-0.00339844
5.52e-09,-0.00419531
5.56e-09,-0.00496875
5.6e-09,-0.00571875
5.64e-09,-0.0065
5.68e-09,-0.00741406
5.72e-09,-0.00839844
5.76e-09,-0.00955469
5.8e-09,-0.0107578
5.84e-09,-0.0119766
5.88e-09,-0.0129844
5.92e-09,-0.0137578
5.96e-09,-0.0143125
6e-09,-0.0149375
6.04e-09,-0.015875
6.08e-09,-0.0169219
6.12e-09,-0.0178594
6.16e-09,-0.0184922
6.2e-09,-0.0190391
6.24e-09,-0.0197109
6.28e-09,-0.0204609
6.32e-09,-0.0210625
6.36e-09,-0.0212969
6.4e-09,-0.0214922
6.44e-09,-0.021875
6.48e-09,-0.0225391
6.52e-09,-0.0231406
6.56e-09,-0.0232969
6.6e-09,-0.0231172
6.64e-09,-0.0228906
6.68e-09,-0.0228281
6.72e-09,-0.0229219
6.76e-09,-0.0229844
6.8e-09,-0.0229297
6.84e-09,-0.0228281
6.88e-09,-0.0226797
6.92e-09,-0.0226563
6.96e-09,-0.0226406
7e-09,-0.0225313
7.04e-09,-0.0222969
7.08e-09,-0.0219609
7.12e-09,-0.0217266
7.16e-09,-0.0216719
7.2e-09,-0.0217344
7.24e-09,-0.0216563
7.28e-09,-0.0214531
7.32e-09,-0.02125
7.36e-09,-0.0211094
7.4e-09,-0.0209453
7.44e-09,-0.0206172
7.48e-09,-0.0201484
7.52e-09,-0.0198516
7.56e-09,-0.0199375
7.6e-09,-0.0202266
7.64e-09,-0.0203984
7.68e-09,-0.0201953
7.72e-09,-0.0198203
7.76e-09,-0.0195781
7.8e-09,-0.0194141
7.84e-09,-0.0192188
7.88e-09,-0.0189688
7.92e-09,-0.0187813
7.96e-09,-0.0188281
8e-09,-0.0189219
8.04e-09,-0.0188359
8.08e-09,-0.0185078
8.12e-09,-0.0181016
8.16e-09,-0.0177656
8.2e-09,-0.0174375
8.24e-09,-0.0169609
8.28e-09,-0.0164297
8.32e-09,-0.0160625
8.36e-09,-0.0159453
8.4e-09,-0.0158828
8.44e-09,-0.0155859
8.48e-09,-0.0150156
8.52e-09,-0.0142656
8.56e-09,-0.0136484
8.6e-09,-0.0132188
8.64e-09,-0.0128828
8.68e-09,-0.0124766
8.72e-09,-0.0119219
8.76e-09,-0.0113047
8.8e-09,-0.0107969
8.84e-09,-0.0103906
8.88e-09,-0.00994531
8.92e-09,-0.00932813
8.96e-09,-0.00853906
9e-09,-0.00777344
9.04e-09,-0.00727344
9.08e-09,-0.00686719
9.12e-09,-0.00650781
9.16e-09,-0.00599219
9.2e-09,-0.0054375
9.24e-09,-0.00498438
9.28e-09,-0.00469531
9.32e-09,-0.004375
9.36e-09,-0.00396875
9.4e-09,-0.00341406
9.44e-09,-0.00288281
9.48e-09,-0.00249219
9.52e-09,-0.00226563
9.56e-09,-0.00209375
9.6e-09,-0.00184375
9.64e-09,-0.00151562
9.68e-09,-0.00121094
9.72e-09,-0.001
9.76e-09,-0.000976562
9.8e-09,-0.001
9.84e-09,-0.00103125
9.88e-09,-0.0009375
9.92e-09,-0.000617187
9.96e-09,-0.000273437
1e-08,-3.90624e-05
1.004e-08,-9.37499e-05
1.008e-08,-0.00021875
1.012e-08,-0.000273437
1.016e-08,-0.000148437
1.02e-08,2.34376e-05
1.024e-08,0.000117188
1.028e-08,-1.56249e-05
1.032e-08,-0.000164062
1.036e-08,-0.000265625
1.04e-08,-0.000226562
1.044e-08,-0.000242187
1.048e-08,-0.000289062
1.052e-08,-0.000382812
1.056e-08,-0.000421875
1.06e-08,-0.000460937
1.064e-08,-0.000507812
1.068e-08,-0.000570312
1.072e-08,-0.000625
1.076e-08,-0.000570312
1.08e-08,-0.000523437
1.084e-08,-0.000585937
1.088e-08,-0.000757812
1.092e-08,-0.00107031
1.096e-08,-0.00135937
1.1e-08,-0.00149219
1.104e-08,-0.00152344
1.108e-08,-0.00150781
1.112e-08,-0.0015625
1.116e-08,-0.00167187
1.12e-08,-0.00183594
1.124e-08,-0.00207813
1.128e-08,-0.00229688
1.132e-08,-0.0025
1.136e-08,-0.00263281
1.14e-08,-0.00277344
1.144e-08,-0.00296875
1.148e-08,-0.00317188
1.152e-08,-0.0034375
1.156e-08,-0.00372656
1.16e-08,-0.00401563
1.164e-08,-0.00425
1.168e-08,-0.00440625
1.172e-08,-0.00441406
1.176e-08,-0.00430469
1.18e-08,-0.00417188
1.184e-08,-0.00417188
1.188e-08,-0.00435156
1.192e-08,-0.00478125
1.196e-08,-0.00535938
1.2e-08,-0.00583594
1.204e-08,-0.00607031
1.208e-08,-0.0060625
1.212e-08,-0.00594531
1.216e-08,-0.00596875
1.22e-08,-0.0059375
1.224e-08,-0.00586719
1.228e-08,-0.0058125
1.232e-08,-0.0059375
1.236e-08,-0.00626563
1.24e-08,-0.00664844
1.244e-08,-0.00684375
1.248e-08,-0.00689844
1.252e-08,-0.00689063
1.256e-08,-0.00698438
1.26e-08,-0.00698438
1.264e-08,-0.00696094
1.268e-08,-0.00690625
1.272e-08,-0.00688281
1.276e-08,-0.00697656
1.28e-08,-0.00703125
1.284e-08,-0.00714844
1.288e-08,-0.00726563
1.292e-08,-0.00732813
1.296e-08,-0.00739063
1.3e-08,-0.00742969
1.304e-08,-0.00752344
1.308e-08,-0.00763281
1.312e-08,-0.0076875
1.316e-08,-0.00757813
1.32e-08,-0.00739063
1.324e-08,-0.00721094
1.328e-08,-0.00728906
1.332e-08,-0.00748438
1.336e-08,-0.00769531
1.34e-08,-0.00773438
1.344e-08,-0.00757813
1.348e-08,-0.00739844
1.352e-08,-0.00717188
1.356e-08,-0.00700781
1.36e-08,-0.00698438
1.364e-08,-0.00713281
1.368e-08,-0.00734375
1.372e-08,-0.0075
1.376e-08,-0.00754688
1.38e-08,-0.00742969
1.384e-08,-0.00720313
1.388e-08,-0.00689063
1.392e-08,-0.00660156
1.396e-08,-0.00632031
1.4e-08,-0.00623438
1.404e-08,-0.00624219
1.408e-08,-0.00628125
1.412e-08,-0.00614063
1.416e-08,-0.0059375
1.42e-08,-0.00579688
1.424e-08,-0.00577344
1.428e-08,-0.00571094
1.432e-08,-0.00545313
1.436e-08,-0.00486719
1.44e-08,-0.00442188
1.444e-08,-0.00427344
1.448e-08,-0.00439844
1.452e-08,-0.00441406
1.456e-08,-0.0040625
1.46e-08,-0.00355469
1.464e-08,-0.00320313
1.468e-08,-0.00309375
1.472e-08,-0.00295313
1.476e-08,-0.00255469
1.48e-08,-0.00213281
1.484e-08,-0.00199219
1.488e-08,-0.00228125
1.492e-08,-0.00253906
1.496e-08,-0.00253906
1.5e-08,-0.00217188
1.504e-08,-0.0016875
1.508e-08,-0.00136719
1.512e-08,-0.00115625
1.516e-08,-0.000992187
1.52e-08,-0.000867187
1.524e-08,-0.000710937
1.528e-08,-0.000554687
1.532e-08,-0.0004375
1.536e-08,-0.000320312
1.54e-08,-0.000179687
1.544e-08,-2.34374e-05
1.548e-08,0.000195313
1.552e-08,0.000453125
1.556e-08,0.0005625
1.56e-08,0.00053125
1.564e-08,0.000429688
1.568e-08,0.000390625
1.572e-08,0.000546875
1.576e-08,0.000773438
1.58e-08,0.000960938
1.584e-08,0.00100781
1.588e-08,0.0009375
1.592e-08,0.000890625
1.596e-08,0.000976563
1.6e-08,0.00125781
1.604e-08,0.00167969
1.608e-08,0.00191406
1.612e-08,0.00196094
1.616e-08,0.00164063
1.62e-08,0.00135156
1.624e-08,0.00128906
1.628e-08,0.00153125
1.632e-08,0.00196875
1.636e-08,0.00226563
1.64e-08,0.002375
1.644e-08,0.00228125
1.648e-08,0.00210156
1.652e-08,0.00197656
1.656e-08,0.00195313
1.66e-08,0.00195313
1.664e-08,0.00188281
1.668e-08,0.00177344
1.672e-08,0.00172656
1.676e-08,0.00182813
1.68e-08,0.00190625
1.684e-08,0.00185156
1.688e-08,0.00160156
1.692e-08,0.00128125
1.696e-08,0.0010625
1.7e-08,0.00107813
1.704e-08,0.00113281
1.708e-08,0.00117188
1.712e-08,0.00117969
1.716e-08,0.001125
1.72e-08,0.00103125
1.724e-08,0.000914063
1.728e-08,0.000625
1.732e-08,0.000296875
1.736e-08,0.000117188
1.74e-08,0.000117188
1.744e-08,0.000203125
1.748e-08,0.000226563
1.752e-08,5.46876e-05
1.756e-08,-0.000164062
1.76e-08,-0.000289062
1.764e-08,-0.000296875
1.768e-08,-0.000367187
1.772e-08,-0.000625
1.776e-08,-0.00100781
1.78e-08,-0.00123437
1.784e-08,-0.00119531
1.788e-08,-0.00111719
1.792e-08,-0.0011875
1.796e-08,-0.00151562
1.8e-08,-0.00185156
1.804e-08,-0.00195313
1.808e-08,-0.00182031
1.812e-08,-0.00171875
1.816e-08,-0.00184375
1.82e-08,-0.002125
1.824e-08,-0.00232031
1.828e-08,-0.00235156
1.832e-08,-0.0023125
1.836e-08,-0.00229688
1.84e-08,-0.00232813
1.844e-08,-0.00244531
1.848e-08,-0.00253906
1.852e-08,-0.00258594
1.856e-08,-0.00253125
1.86e-08,-0.00250781
1.864e-08,-0.00260938
1.868e-08,-0.00278906
1.872e-08,-0.00289844
1.876e-08,-0.00280469
1.88e-08,-0.00264844
1.884e-08,-0.00273438
1.888e-08,-0.00303125
1.892e-08,-0.00339844
1.896e-08,-0.00352344
1.9e-08,-0.00338281
1.904e-08,-0.00311719
1.908e-08,-0.00299219
1.912e-08,-0.00308594
1.916e-08,-0.00332031
1.92e-08,-0.00353906
1.924e-08,-0.00370313
1.928e-08,-0.00371094
1.932e-08,-0.00371875
1.936e-08,-0.00369531
1.94e-08,-0.00375
1.944e-08,-0.00376563
1.948e-08,-0.00370313
1.952e-08,-0.00357813
1.956e-08,-0.00339844
1.96e-08,-0.00336719
1.964e-08,-0.0035
1.968e-08,-0.00365625
1.972e-08,-0.00366406
1.976e-08,-0.00346875
1.98e-08,-0.00314063
1.984e-08,-0.00289063
1.988e-08,-0.00284375
1.992e-08,-0.00297656
1.996e-08,-0.00313281
2e-08,-0.00314063
2.004e-08,-0.00295313
2.008e-08,-0.00278125
2.012e-08,-0.00273438
2.016e-08,-0.00289063
2.02e-08,-0.00301563
2.024e-08,-0.0029375
2.028e-08,-0.00267188
2.032e-08,-0.0025
2.036e-08,-0.00252344
2.04e-08,-0.00254688
2.044e-08,-0.00250781
2.048e-08,-0.00232031
2.052e-08,-0.0021875
2.056e-08,-0.002125
2.06e-08,-0.00196875
2.064e-08,-0.00175
2.068e-08,-0.00152344
2.072e-08,-0.0014375
2.076e-08,-0.00149219
2.08e-08,-0.00157031
2.084e-08,-0.00146875
2.088e-08,-0.00121094
2.092e-08,-0.000890625
2.096e-08,-0.000703125
2.1e-08,-0.000765625
2.104e-08,-0.00084375
2.108e-08,-0.000851562
2.112e-08,-0.000632812
2.116e-08,-0.000273437
2.12e-08,2.34376e-05
2.124e-08,0.00015625
2.128e-08,0.000109375
2.132e-08,-3.12499e-05
2.136e-08,-0.000148437
2.14e-08,-0.000179687
2.144e-08,-1.56249e-05
2.148e-08,0.000296875
2.152e-08,0.000640625
2.156e-08,0.000828125
2.16e-08,0.000804688
2.164e-08,0.000609375
2.168e-08,0.000414063
2.172e-08,0.000460938
2.176e-08,0.000726563
2.18e-08,0.00114063
2.184e-08,0.00139844
2.188e-08,0.00144531
2.192e-08,0.00130469
2.196e-08,0.00113281
2.2e-08,0.00105469
2.204e-08,0.00114844
2.208e-08,0.00132031
2.212e-08,0.00154688
2.216e-08,0.00167969
2.22e-08,0.00169531
2.224e-08,0.00153906
2.228e-08,0.00132031
2.232e-08,0.00116406
2.236e-08,0.001125
2.24e-08,0.00134375
2.244e-08,0.00174219
2.248e-08,0.00208594
2.252e-08,0.00221094
2.256e-08,0.00200781
2.26e-08,0.00178125
2.264e-08,0.00164844
2.268e-08,0.00175
2.272e-08,0.00185156
2.276e-08,0.00183594
2.28e-08,0.00171875
2.284e-08,0.00159375
2.288e-08,0.00154688
2.292e-08,0.0015625
2.296e-08,0.00159375
2.3e-08,0.00160156
2.304e-08,0.00164844
2.308e-08,0.0016875
2.312e-08,0.001625
2.316e-08,0.0014375
2.32e-08,0.00122656
2.324e-08,0.00105469
2.328e-08,0.000984375
2.332e-08,0.000929688
2.336e-08,0.000890625
2.34e-08,0.000851563
2.344e-08,0.000773438
2.348e-08,0.000734375
2.352e-08,0.000679688
2.356e-08,0.000734375
2.36e-08,0.000726563
2.364e-08,0.000601563
2.368e-08,0.000390625
2.372e-08,0.0001875
2.376e-08,0.000203125
2.38e-08,0.000367188
2.384e-08,0.00046875
2.388e-08,0.000421875
2.392e-08,0.000257813
2.396e-08,0.000148438
2.4e-08,0.00025
2.404e-08,0.000335938
2.408e-08,0.000359375
2.412e-08,9.37501e-05
2.416e-08,-0.000226562
2.42e-08,-0.00034375
2.424e-08,-0.000226562
2.428e-08,-8.59374e-05
2.432e-08,-9.37499e-05
2.436e-08,-0.0003125
2.44e-08,-0.00059375
2.444e-08,-0.000773437
2.448e-08,-0.000828125
2.452e-08,-0.000867187
2.456e-08,-0.000976562
2.46e-08,-0.00110156
2.464e-08,-0.001125
2.468e-08,-0.00107812
2.472e-08,-0.00113281
2.476e-08,-0.00138281
2.48e-08,-0.00169531
2.484e-08,-0.00189844
2.488e-08,-0.0018125
2.492e-08,-0.00159375
2.496e-08,-0.00135937
2.5e-08,-0.00127344
2.504e-08,-0.00122656
2.508e-08,-0.001125
2.512e-08,-0.00105469
2.516e-08,-0.00122656
2.52e-08,-0.0015625
2.524e-08,-0.00192188
2.528e-08,-0.00204688
2.532e-08,-0.00198438
2.536e-08,-0.00184375
2.54e-08,-0.00171875
2.544e-08,-0.00160937
2.548e-08,-0.00151562
2.552e-08,-0.0014375
2.556e-08,-0.00141406
2.56e-08,-0.00155469
2.564e-08,-0.00175781
2.568e-08,-0.00183594
2.572e-08,-0.00179687
2.576e-08,-0.00165625
2.58e-08,-0.00158594
2.584e-08,-0.00169531
2.588e-08,-0.001875
2.592e-08,-0.00195313
2.596e-08,-0.00184375
2.6e-08,-0.00158594
2.604e-08,-0.00134375
2.608e-08,-0.00124219
2.612e-08,-0.00125781
2.616e-08,-0.00136719
2.62e-08,-0.00147656
2.624e-08,-0.0015
2.628e-08,-0.00142969
2.632e-08,-0.00142187
2.636e-08,-0.00150781
2.64e-08,-0.00164062
2.644e-08,-0.00171094
2.648e-08,-0.0015625
2.652e-08,-0.0013125
2.656e-08,-0.0011875
2.66e-08,-0.00117187
2.664e-08,-0.00117969
2.668e-08,-0.00109375
2.672e-08,-0.00090625
2.676e-08,-0.000796875
2.68e-08,-0.000828125
2.684e-08,-0.00090625
2.688e-08,-0.0009375
2.692e-08,-0.0009375
2.696e-08,-0.000875
2.7e-08,-0.000796875
2.704e-08,-0.000695312
2.708e-08,-0.000523437
2.712e-08,-0.00034375
2.716e-08,-0.000226562
2.72e-08,-0.000367187
2.724e-08,-0.000632812
2.728e-08,-0.000859375
2.732e-08,-0.000882812
2.736e-08,-0.000710937
2.74e-08,-0.000453125
2.744e-08,-0.000351562
2.748e-08,-0.000414062
2.752e-08,-0.0004375
2.756e-08,-0.00028125
2.76e-08,-0.000140625
2.764e-08,-0.000140625
2.768e-08,-0.000320312
2.772e-08,-0.000445312
2.776e-08,-0.0003125
2.78e-08,-7.03124e-05
2.784e-08,0.000171875
2.788e-08,0.000242188
2.792e-08,0.000265625
2.796e-08,0.00025
2.8e-08,0.000210938
2.804e-08,9.37501e-05
2.808e-08,-7.81249e-05
2.812e-08,-0.000140625
2.816e-08,-3.90624e-05
2.82e-08,0.000171875
2.824e-08,0.000390625
2.828e-08,0.000421875
2.832e-08,0.000296875
2.836e-08,3.90626e-05
2.84e-08,-3.90624e-05
2.844e-08,0.000101563
2.848e-08,0.00034375
2.852e-08,0.00034375
2.856e-08,5.46876e-05
2.86e-08,-0.000296875
2.864e-08,-0.000382812
2.868e-08,-0.000265625
2.872e-08,-0.000117187
2.876e-08,-8.59374e-05
2.88e-08,-0.000148437
2.884e-08,-9.37499e-05
2.888e-08,-1.56249e-05
2.892e-08,-3.12499e-05
2.896e-08,-0.000203125
2.9e-08,-0.000398437
2.904e-08,-0.000460937
2.908e-08,-0.000453125
2.912e-08,-0.000398437
2.916e-08,-0.00034375
2.92e-08,-0.00025
2.924e-08,-0.0001875
2.928e-08,-0.000234375
2.932e-08,-0.000414062
2.936e-08,-0.000671875
2.94e-08,-0.000898437
2.944e-08,-0.00103906
2.948e-08,-0.00110156
2.952e-08,-0.001
2.956e-08,-0.000835937
2.96e-08,-0.000695312
2.964e-08,-0.000625
2.968e-08,-0.000703125
2.972e-08,-0.000875
2.976e-08,-0.00107031
2.98e-08,-0.0011875
2.984e-08,-0.00120312
2.988e-08,-0.00107031
2.992e-08,-0.000984375
2.996e-08,-0.00101562
3e-08,-0.00123437
3.004e-08,-0.0015
3.008e-08,-0.00171875
3.012e-08,-0.00175781
3.016e-08,-0.00164062
3.02e-08,-0.00149219
3.024e-08,-0.00139062
3.028e-08,-0.00141406
3.032e-08,-0.0015
3.036e-08,-0.00167969
3.04e-08,-0.00183594
3.044e-08,-0.0019375
3.048e-08,-0.00194531
3.052e-08,-0.00188281
3.056e-08,-0.00182812
3.06e-08,-0.00189063
3.064e-08,-0.00201563
3.068e-08,-0.00207031
3.072e-08,-0.00210156
3.076e-08,-0.00207031
3.08e-08,-0.00216406
3.084e-08,-0.00241406
3.088e-08,-0.00267969
3.092e-08,-0.00286719
3.096e-08,-0.002875
3.1e-08,-0.00275781
3.104e-08,-0.00264063
3.108e-08,-0.00264844
3.112e-08,-0.00272656
3.116e-08,-0.00271875
3.12e-08,-0.00260938
3.124e-08,-0.00246875
3.128e-08,-0.0025
3.132e-08,-0.00266406
3.136e-08,-0.00290625
3.14e-08,-0.00303125
3.144e-08,-0.00299219
3.148e-08,-0.00279688
3.152e-08,-0.00270313
3.156e-08,-0.00264063
3.16e-08,-0.00261719
3.164e-08,-0.00264063
3.168e-08,-0.00271094
3.172e-08,-0.00279688
3.176e-08,-0.00285938
3.18e-08,-0.00277344
3.184e-08,-0.00254688
3.188e-08,-0.00235938
3.192e-08,-0.00232813
3.196e-08,-0.00239063
3.2e-08,-0.00244531
3.204e-08,-0.00236719
3.208e-08,-0.00230469
3.212e-08,-0.00225
3.216e-08,-0.00233594
3.22e-08,-0.00251563
3.224e-08,-0.00269531
3.228e-08,-0.00277344
3.232e-08,-0.00267969
3.236e-08,-0.00245313
3.24e-08,-0.00227344
3.244e-08,-0.00221875
3.248e-08,-0.00225781
3.252e-08,-0.00233594
3.256e-08,-0.0023125
3.26e-08,-0.00217188
3.264e-08,-0.00201563
3.268e-08,-0.00186719
3.272e-08,-0.00171875
3.276e-08,-0.00153125
3.28e-08,-0.00139844
3.284e-08,-0.00146094
3.288e-08,-0.00164062
3.292e-08,-0.00180469
3.296e-08,-0.00189063
3.3e-08,-0.00180469
3.304e-08,-0.00159375
3.308e-08,-0.00132031
3.312e-08,-0.0011875
3.316e-08,-0.00125
3.32e-08,-0.0015
3.324e-08,-0.00175
3.328e-08,-0.00180469
3.332e-08,-0.00165625
3.336e-08,-0.0014375
3.34e-08,-0.00124219
3.344e-08,-0.00116406
3.348e-08,-0.00115625
3.352e-08,-0.00114062
3.356e-08,-0.00117187
3.36e-08,-0.00119531
3.364e-08,-0.00121875
3.368e-08,-0.00121094
3.372e-08,-0.00121875
3.376e-08,-0.00119531
3.38e-08,-0.0011875
3.384e-08,-0.001125
3.388e-08,-0.00096875
3.392e-08,-0.000804687
3.396e-08,-0.000695312
3.4e-08,-0.000710937
3.404e-08,-0.000796875
3.408e-08,-0.000921875
3.412e-08,-0.000992187
3.416e-08,-0.000992187
3.42e-08,-0.000960937
3.424e-08,-0.00084375
3.428e-08,-0.00065625
3.432e-08,-0.000398437
3.436e-08,-0.00025
3.44e-08,-0.000226562
3.444e-08,-0.000375
3.448e-08,-0.000492187
3.452e-08,-0.000539062
3.456e-08,-0.00046875
3.46e-08,-0.000367187
3.464e-08,-0.000234375
3.468e-08,-3.90624e-05
3.472e-08,5.46876e-05
3.476e-08,-7.03124e-05
3.48e-08,-0.000351562
3.484e-08,-0.000625
3.488e-08,-0.000648437
3.492e-08,-0.0005
3.496e-08,-0.000398437
3.5e-08,-0.000484375
3.504e-08,-0.00065625
3.508e-08,-0.00059375
3.512e-08,-0.000351562
3.516e-08,7.81259e-06
3.52e-08,0.000171875
3.524e-08,3.90626e-05
3.528e-08,-0.000273437
3.532e-08,-0.000609375
3.536e-08,-0.000726562
3.54e-08,-0.000546875
3.544e-08,-0.000289062
3.548e-08,-3.90624e-05
3.552e-08,-7.03124e-05
3.556e-08,-0.000289062
3.56e-08,-0.000585937
3.564e-08,-0.000773437
3.568e-08,-0.000804687
3.572e-08,-0.000726562
3.576e-08,-0.000710937
3.58e-08,-0.000726562
3.584e-08,-0.000765625
3.588e-08,-0.000773437
3.592e-08,-0.000734375
3.596e-08,-0.000664062
3.6e-08,-0.000601562
3.604e-08,-0.000578125
3.608e-08,-0.000601562
3.612e-08,-0.000632812
3.616e-08,-0.000742187
3.62e-08,-0.000820312
3.624e-08,-0.000914062
3.628e-08,-0.000898437
3.632e-08,-0.00075
3.636e-08,-0.000554687
3.64e-08,-0.000492187
3.644e-08,-0.000742187
3.648e-08,-0.00107812
3.652e-08,-0.00129687
3.656e-08,-0.00125781
3.66e-08,-0.00109375
3.664e-08,-0.00103906
3.668e-08,-0.00108594
3.672e-08,-0.00107812
3.676e-08,-0.0009375
3.68e-08,-0.000742187
3.684e-08,-0.000773437
3.688e-08,-0.00103125
3.692e-08,-0.00133594
3.696e-08,-0.0014375
3.7e-08,-0.00125
3.704e-08,-0.000992187
3.708e-08,-0.000875
3.712e-08,-0.000976562
3.716e-08,-0.00127344
3.72e-08,-0.00154687
3.724e-08,-0.00167969
3.728e-08,-0.00158594
3.732e-08,-0.00141406
3.736e-08,-0.00133594
3.74e-08,-0.00139844
3.744e-08,-0.00151562
3.748e-08,-0.00160937
3.752e-08,-0.00149219
3.756e-08,-0.00138281
3.76e-08,-0.00134375
3.764e-08,-0.00142187
3.768e-08,-0.00153906
3.772e-08,-0.00164062
3.776e-08,-0.00171875
3.78e-08,-0.00172656
3.784e-08,-0.00164844
3.788e-08,-0.00154687
3.792e-08,-0.00144531
3.796e-08,-0.00139062
3.8e-08,-0.00141406
3.804e-08,-0.00141406
3.808e-08,-0.00147656
3.812e-08,-0.00152344
3.816e-08,-0.00158594
3.82e-08,-0.00159375
3.824e-08,-0.00154687
3.828e-08,-0.00148437
3.832e-08,-0.00142187
3.836e-08,-0.00140625
3.84e-08,-0.00139844
3.844e-08,-0.00132812
3.848e-08,-0.00128906
3.852e-08,-0.00132031
3.856e-08,-0.00138281
3.86e-08,-0.00146875
3.864e-08,-0.00149219
3.868e-08,-0.00151562
3.872e-08,-0.00145312
3.876e-08,-0.00139062
3.88e-08,-0.00133594
3.884e-08,-0.00135937
3.888e-08,-0.00141406
3.892e-08,-0.00147656
3.896e-08,-0.00144531
3.9e-08,-0.00139062
3.904e-08,-0.00134375
3.908e-08,-0.00135937
3.912e-08,-0.00136719
3.916e-08,-0.00142969
3.92e-08,-0.00138281
3.924e-08,-0.00132031
3.928e-08,-0.00122656
3.932e-08,-0.00128906
3.936e-08,-0.00141406
3.94e-08,-0.00153125
3.944e-08,-0.00139062
3.948e-08,-0.00114062
3.952e-08,-0.000875
3.956e-08,-0.000773437
3.96e-08,-0.000773437
3.964e-08,-0.000867187
3.968e-08,-0.00100781
3.972e-08,-0.00115625
3.976e-08,-0.00117187
3.98e-08,-0.00110937
3.984e-08,-0.000953125
3.988e-08,-0.00084375
3.992e-08,-0.000796875
3.996e-08,-0.000796875
4e-08,-0.00084375
4.004e-08,-0.001
4.008e-08,-0.00116406
4.012e-08,-0.00125781
4.016e-08,-0.00116406
4.02e-08,-0.00096875
4.024e-08,-0.00078125
4.028e-08,-0.000695312
4.032e-08,-0.000640625
4.036e-08,-0.00053125
4.04e-08,-0.000335937
4.044e-08,-0.000203125
4.048e-08,-0.000273437
4.052e-08,-0.000507812
4.056e-08,-0.000726562
4.06e-08,-0.000835937
4.064e-08,-0.000765625
4.068e-08,-0.000664062
4.072e-08,-0.000609375
4.076e-08,-0.000570312
4.08e-08,-0.000570312
4.084e-08,-0.0005625
4.088e-08,-0.000554687
4.092e-08,-0.0005
4.096e-08,-0.000484375
4.1e-08,-0.000453125
4.104e-08,-0.000460937
4.108e-08,-0.000484375
4.112e-08,-0.000546875
4.116e-08,-0.000617187
4.12e-08,-0.000695312
4.124e-08,-0.000726562
4.128e-08,-0.000765625
4.132e-08,-0.000773437
4.136e-08,-0.000835937
4.14e-08,-0.000835937
4.144e-08,-0.00071875
4.148e-08,-0.000546875
4.152e-08,-0.000421875
4.156e-08,-0.000515625
4.16e-08,-0.000671875
4.164e-08,-0.000796875
4.168e-08,-0.000773437
4.172e-08,-0.000640625
4.176e-08,-0.000523437
4.18e-08,-0.000398437
4.184e-08,-0.000359375
4.188e-08,-0.0004375
4.192e-08,-0.00059375
4.196e-08,-0.000859375
4.2e-08,-0.00108594
4.204e-08,-0.00116406
4.208e-08,-0.0010625
4.212e-08,-0.000882812
4.216e-08,-0.00071875
4.22e-08,-0.000648437
4.224e-08,-0.0006875
4.228e-08,-0.000789062
4.232e-08,-0.00090625
4.236e-08,-0.000992187
4.24e-08,-0.00103906
4.244e-08,-0.000929687
4.248e-08,-0.000835937
4.252e-08,-0.0008125
4.256e-08,-0.000859375
4.26e-08,-0.000921875
4.264e-08,-0.000960937
4.268e-08,-0.000914062
4.272e-08,-0.000789062
4.276e-08,-0.000703125
4.28e-08,-0.000578125
4.284e-08,-0.000578125
4.288e-08,-0.000601562
4.292e-08,-0.000671875
4.296e-08,-0.000703125
4.3e-08,-0.000742187
4.304e-08,-0.000804687
4.308e-08,-0.000945312
4.312e-08,-0.00114844
4.316e-08,-0.00121094
4.32e-08,-0.00115625
4.324e-08,-0.001
4.328e-08,-0.000945312
4.332e-08,-0.00100781
4.336e-08,-0.00109375
4.34e-08,-0.000992187
4.344e-08,-0.000765625
4.348e-08,-0.00059375
4.352e-08,-0.000671875
4.356e-08,-0.001
4.36e-08,-0.00135937
4.364e-08,-0.00154687
4.368e-08,-0.00153906
4.372e-08,-0.00142969
4.376e-08,-0.0013125
4.38e-08,-0.0011875
4.384e-08,-0.00115625
4.388e-08,-0.00121094
4.392e-08,-0.00123437
4.396e-08,-0.00126562
4.4e-08,-0.00117187
4.404e-08,-0.00114062
4.408e-08,-0.00114844
4.412e-08,-0.00126562
4.416e-08,-0.00140625
4.42e-08,-0.0015
4.424e-08,-0.00147656
4.428e-08,-0.00142969
4.432e-08,-0.00130469
4.436e-08,-0.00122656
4.44e-08,-0.00126562
4.444e-08,-0.00141406
4.448e-08,-0.00154687
4.452e-08,-0.00159375
4.456e-08,-0.00149219
4.46e-08,-0.00132031
4.464e-08,-0.00114844
4.468e-08,-0.00104687
4.472e-08,-0.00108594
4.476e-08,-0.00122656
4.48e-08,-0.00141406
4.484e-08,-0.00157031
4.488e-08,-0.00159375
4.492e-08,-0.00147656
4.496e-08,-0.00125781
4.5e-08,-0.00119531
4.504e-08,-0.00122656
4.508e-08,-0.00135156
4.512e-08,-0.00132031
4.516e-08,-0.00114844
4.52e-08,-0.00103125
4.524e-08,-0.00114844
4.528e-08,-0.00142969
4.532e-08,-0.00153125
4.536e-08,-0.00139062
4.54e-08,-0.00109375
4.544e-08,-0.0009375
4.548e-08,-0.000953125
4.552e-08,-0.000976562
4.556e-08,-0.000945312
4.56e-08,-0.000984375
4.564e-08,-0.00111719
4.568e-08,-0.00128906
4.572e-08,-0.00132031
4.576e-08,-0.00125
4.58e-08,-0.0011875
4.584e-08,-0.001125
4.588e-08,-0.00104687
4.592e-08,-0.000960937
4.596e-08,-0.000882812
4.6e-08,-0.0009375
4.604e-08,-0.00102344
4.608e-08,-0.00108594
4.612e-08,-0.00104687
4.616e-08,-0.00104687
4.62e-08,-0.000953125
4.624e-08,-0.000835937
4.628e-08,-0.000640625
4.632e-08,-0.000585937
4.636e-08,-0.000757812
4.64e-08,-0.00102344
4.644e-08,-0.00124219
4.648e-08,-0.00122656
4.652e-08,-0.00103125
4.656e-08,-0.000820312
4.66e-08,-0.000757812
4.664e-08,-0.000742187
4.668e-08,-0.0008125
4.672e-08,-0.000835937
4.676e-08,-0.000875
4.68e-08,-0.000921875
4.684e-08,-0.000984375
4.688e-08,-0.00107812
4.692e-08,-0.00117969
4.696e-08,-0.00129687
4.7e-08,-0.00132812
4.704e-08,-0.00121875
4.708e-08,-0.00109375
4.712e-08,-0.000992187
4.716e-08,-0.000945312
4.72e-08,-0.00090625
4.724e-08,-0.000835937
4.728e-08,-0.00071875
4.732e-08,-0.000671875
4.736e-08,-0.000664062
4.74e-08,-0.000664062
4.744e-08,-0.000757812
4.748e-08,-0.000859375
4.752e-08,-0.00084375
4.756e-08,-0.00065625
4.76e-08,-0.000492187
4.764e-08,-0.000507812
4.768e-08,-0.000804687
4.772e-08,-0.00119531
4.776e-08,-0.00135156
4.78e-08,-0.00117969
4.784e-08,-0.00084375
4.788e-08,-0.000632812
4.792e-08,-0.00065625
4.796e-08,-0.000765625
4.8e-08,-0.000648437
4.804e-08,-0.00040625
4.808e-08,-0.000257812
4.812e-08,-0.000351562
4.816e-08,-0.000640625
4.82e-08,-0.0009375
4.824e-08,-0.00103125
4.828e-08,-0.000890625
4.832e-08,-0.000734375
4.836e-08,-0.000664062
4.84e-08,-0.000695312
4.844e-08,-0.000828125
4.848e-08,-0.00107031
4.852e-08,-0.00122656
4.856e-08,-0.00124219
4.86e-08,-0.00105469
4.864e-08,-0.000867187
4.868e-08,-0.00071875
4.872e-08,-0.00065625
4.876e-08,-0.000609375
4.88e-08,-0.000578125
4.884e-08,-0.00071875
4.888e-08,-0.000929687
4.892e-08,-0.00111719
4.896e-08,-0.001125
4.9e-08,-0.00110937
4.904e-08,-0.00109375
4.908e-08,-0.00119531
4.912e-08,-0.00121094
4.916e-08,-0.00102344
4.92e-08,-0.000765625
4.924e-08,-0.00075
4.928e-08,-0.00100781
4.932e-08,-0.001375
4.936e-08,-0.00159375
4.94e-08,-0.00159375
4.944e-08,-0.0015
4.948e-08,-0.00138281
4.952e-08,-0.00128906
4.956e-08,-0.00122656
4.96e-08,-0.00117969
4.964e-08,-0.00122656
4.968e-08,-0.0013125
4.972e-08,-0.00133594
4.976e-08,-0.00126562
4.98e-08,-0.00110156
4.984e-08,-0.00100781
4.988e-08,-0.00107031
4.992e-08,-0.00127344
4.996e-08,-0.00151562
5e-08,-0.00155469
5.004e-08,-0.00128125
5.008e-08,-0.000992187
5.012e-08,-0.000898437
5.016e-08,-0.00114062
5.02e-08,-0.00148437
5.024e-08,-0.00155469
5.028e-08,-0.00125
5.032e-08,-0.000804687
5.036e-08,-0.000578125
5.04e-08,-0.0006875
5.044e-08,-0.00101562
5.048e-08,-0.00128125
5.052e-08,-0.00138281
5.056e-08,-0.00139062
5.06e-08,-0.00142187
5.064e-08,-0.0014375
5.068e-08,-0.00134375
5.072e-08,-0.00109375
5.076e-08,-0.000765625
5.08e-08,-0.000664062
5.084e-08,-0.000835937
5.088e-08,-0.00116406
5.092e-08,-0.00133594
5.096e-08,-0.00135156
5.1e-08,-0.00126562
5.104e-08,-0.00123437
5.108e-08,-0.00117969
5.112e-08,-0.00113281
5.116e-08,-0.00104687
5.12e-08,-0.000984375
5.124e-08,-0.001
5.128e-08,-0.00107031
5.132e-08,-0.00109375
5.136e-08,-0.00107031
5.14e-08,-0.000945312
5.144e-08,-0.000796875
5.148e-08,-0.000703125
5.152e-08,-0.000679687
5.156e-08,-0.000867187
5.16e-08,-0.00107812
5.164e-08,-0.00126562
5.168e-08,-0.00126562
5.172e-08,-0.00114062
5.176e-08,-0.000960937
5.18e-08,-0.000835937
5.184e-08,-0.000742187
5.188e-08,-0.000648437
5.192e-08,-0.000679687
5.196e-08,-0.00071875
5.2e-08,-0.000789062
5.204e-08,-0.000851562
5.208e-08,-0.000835937
5.212e-08,-0.000835937
5.216e-08,-0.000796875
5.22e-08,-0.0006875
5.224e-08,-0.000539062
5.228e-08,-0.000390625
5.232e-08,-0.000296875
5.236e-08,-0.000367187
5.24e-08,-0.00053125
5.244e-08,-0.000851562
5.248e-08,-0.00104687
5.252e-08,-0.00111719
5.256e-08,-0.00096875
5.26e-08,-0.000804687
5.264e-08,-0.00071875
5.268e-08,-0.000765625
5.272e-08,-0.000671875
5.276e-08,-0.000382812
5.28e-08,-0.000117187
5.284e-08,-0.000132812
5.288e-08,-0.000476562
5.292e-08,-0.000828125
5.296e-08,-0.000835937
5.3e-08,-0.000664062
5.304e-08,-0.000539062
5.308e-08,-0.000601562
5.312e-08,-0.00065625
5.316e-08,-0.000570312
5.32e-08,-0.000429687
5.324e-08,-0.000382812
5.328e-08,-0.0005
5.332e-08,-0.000695312
5.336e-08,-0.000757812
5.34e-08,-0.000671875
5.344e-08,-0.000476562
5.348e-08,-0.000234375
5.352e-08,-5.46874e-05
5.356e-08,-2.34374e-05
5.36e-08,-0.00015625
5.364e-08,-0.000304687
5.368e-08,-0.000359375
5.372e-08,-0.000390625
5.376e-08,-0.00034375
5.38e-08,-0.00028125
5.384e-08,-0.00021875
5.388e-08,-0.000234375
5.392e-08,-0.000296875
5.396e-08,-0.0004375
5.4e-08,-0.00053125
5.404e-08,-0.000453125
5.408e-08,-0.000390625
5.412e-08,-0.000367187
5.416e-08,-0.000476562
5.42e-08,-0.00059375
5.424e-08,-0.000640625
5.428e-08,-0.000625
5.432e-08,-0.0006875
5.436e-08,-0.000726562
5.44e-08,-0.00065625
5.444e-08,-0.000492187
5.448e-08,-0.000335937
5.452e-08,-0.000273437
5.456e-08,-0.000398437
5.46e-08,-0.00053125
5.464e-08,-0.000617187
5.468e-08,-0.000570312
5.472e-08,-0.000554687
5.476e-08,-0.000625
5.48e-08,-0.000757812
5.484e-08,-0.000828125
5.488e-08,-0.000734375
5.492e-08,-0.000539062
5.496e-08,-0.000359375
5.5e-08,-0.000289062
5.504e-08,-0.000335937
5.508e-08,-0.000382812
5.512e-08,-0.000328125
5.516e-08,-0.000304687
5.52e-08,-0.00040625
5.524e-08,-0.000648437
5.528e-08,-0.000820312
5.532e-08,-0.0008125
5.536e-08,-0.000570312
5.54e-08,-0.000367187
5.544e-08,-0.000304687
5.548e-08,-0.000375
5.552e-08,-0.000375
5.556e-08,-0.000320312
5.56e-08,-0.000257812
5.564e-08,-0.000359375
5.568e-08,-0.000507812
5.572e-08,-0.00065625
5.576e-08,-0.0006875
5.58e-08,-0.0006875
5.584e-08,-0.000695312
5.588e-08,-0.000734375
5.592e-08,-0.000773437
5.596e-08,-0.00084375
5.6e-08,-0.000835937
5.604e-08,-0.000710937
5.608e-08,-0.000578125
5.612e-08,-0.000445312
5.616e-08,-0.000492187
5.62e-08,-0.00065625
5.624e-08,-0.0008125
5.628e-08,-0.000757812
5.632e-08,-0.00053125
5.636e-08,-0.0003125
5.64e-08,-0.000203125
5.644e-08,-0.000210937
5.648e-08,-0.000351562
5.652e-08,-0.000601562
5.656e-08,-0.000820312
5.66e-08,-0.000898437
5.664e-08,-0.000804687
5.668e-08,-0.000523437
5.672e-08,-0.000351562
5.676e-08,-0.00040625
5.68e-08,-0.000703125
5.684e-08,-0.000992187
5.688e-08,-0.001125
5.692e-08,-0.00107812
5.696e-08,-0.000867187
5.7e-08,-0.000664062
5.704e-08,-0.000460937
5.708e-08,-0.000359375
5.712e-08,-0.000289062
5.716e-08,-0.000320312
5.72e-08,-0.000484375
5.724e-08,-0.00078125
5.728e-08,-0.00105469
5.732e-08,-0.00121875
5.736e-08,-0.00119531
5.74e-08,-0.00104687
5.744e-08,-0.000796875
5.748e-08,-0.000601562
5.752e-08,-0.000429687
5.756e-08,-0.00040625
5.76e-08,-0.000554687
5.764e-08,-0.000898437
5.768e-08,-0.00127344
5.772e-08,-0.00145312
5.776e-08,-0.00136719
5.78e-08,-0.00113281
5.784e-08,-0.00090625
5.788e-08,-0.000742187
5.792e-08,-0.000679687
5.796e-08,-0.000726562
5.8e-08,-0.000773437
5.804e-08,-0.000804687
5.808e-08,-0.000867187
5.812e-08,-0.000921875
5.816e-08,-0.00104687
5.82e-08,-0.00113281
5.824e-08,-0.0010625
5.828e-08,-0.000914062
5.832e-08,-0.000773437
5.836e-08,-0.0008125
5.84e-08,-0.000914062
5.844e-08,-0.000953125
5.848e-08,-0.000882812
5.852e-08,-0.000789062
5.856e-08,-0.000890625
5.86e-08,-0.00100781
5.864e-08,-0.00101562
5.868e-08,-0.000789062
5.872e-08,-0.0005625
5.876e-08,-0.0005
5.88e-08,-0.000632812
5.884e-08,-0.000765625
5.888e-08,-0.00065625
5.892e-08,-0.000484375
5.896e-08,-0.00053125
5.9e-08,-0.00078125
5.904e-08,-0.00101562
5.908e-08,-0.000921875
5.912e-08,-0.000554687
5.916e-08,-0.0003125
5.92e-08,-0.000296875
5.924e-08,-0.00046875
5.928e-08,-0.000546875
5.932e-08,-0.00053125
5.936e-08,-0.000515625
5.94e-08,-0.000492187
5.944e-08,-0.000335937
5.948e-08,-0.000125
5.952e-08,-2.34374e-05
5.956e-08,-0.00025
5.96e-08,-0.00065625
5.964e-08,-0.00107031
5.968e-08,-0.00120312
5.972e-08,-0.001125
5.976e-08,-0.0009375
5.98e-08,-0.00071875
5.984e-08,-0.000578125
5.988e-08,-0.000539062
5.992e-08,-0.00059375
5.996e-08,-0.00059375
6e-08,-0.000554687
6.004e-08,-0.00053125
6.008e-08,-0.000625
6.012e-08,-0.000757812
6.016e-08,-0.000867187
6.02e-08,-0.000835937
6.024e-08,-0.000703125
6.028e-08,-0.000625
6.032e-08,-0.000632812
6.036e-08,-0.000703125
6.04e-08,-0.00075
6.044e-08,-0.000734375
6.048e-08,-0.000710937
6.052e-08,-0.00071875
6.056e-08,-0.000710937
6.06e-08,-0.000726562
6.064e-08,-0.000671875
6.068e-08,-0.000679687
6.072e-08,-0.000609375
6.076e-08,-0.000492187
6.08e-08,-0.000367187
6.084e-08,-0.000429687
6.088e-08,-0.000703125
6.092e-08,-0.00107812
6.096e-08,-0.0013125
6.1e-08,-0.00125781
6.104e-08,-0.000921875
6.108e-08,-0.000515625
6.112e-08,-0.000210937
6.116e-08,-0.000203125
6.12e-08,-0.0005
6.124e-08,-0.000882812
6.128e-08,-0.00110937
6.132e-08,-0.00104687
6.136e-08,-0.000828125
6.14e-08,-0.000648437
6.144e-08,-0.000648437
6.148e-08,-0.000765625
6.152e-08,-0.0008125
6.156e-08,-0.000820312
6.16e-08,-0.000820312
6.164e-08,-0.000828125
6.168e-08,-0.0008125
6.172e-08,-0.000835937
6.176e-08,-0.000796875
6.18e-08,-0.000773437
6.184e-08,-0.000773437
6.188e-08,-0.000765625
6.192e-08,-0.00075
6.196e-08,-0.000734375
6.2e-08,-0.000765625
6.204e-08,-0.000929687
6.208e-08,-0.00110937
6.212e-08,-0.00121094
6.216e-08,-0.00120312
6.22e-08,-0.00110156
6.224e-08,-0.00103125
6.228e-08,-0.00096875
6.232e-08,-0.00100781
6.236e-08,-0.0009375
6.24e-08,-0.000851562
6.244e-08,-0.000835937
6.248e-08,-0.000890625
6.252e-08,-0.00107812
6.256e-08,-0.00126562
6.26e-08,-0.00134375
6.264e-08,-0.0011875
6.268e-08,-0.001
6.272e-08,-0.000945312
6.276e-08,-0.00105469
6.28e-08,-0.00128125
6.284e-08,-0.00149219
6.288e-08,-0.00152344
6.292e-08,-0.00144531
6.296e-08,-0.0013125
6.3e-08,-0.00119531
6.304e-08,-0.00111719
6.308e-08,-0.00110937
6.312e-08,-0.00109375
6.316e-08,-0.00102344
6.32e-08,-0.000921875
6.324e-08,-0.000914062
6.328e-08,-0.000992187
6.332e-08,-0.00114844
6.336e-08,-0.00123437
6.34e-08,-0.00119531
6.344e-08,-0.00107812
6.348e-08,-0.000953125
6.352e-08,-0.00090625
6.356e-08,-0.000921875
6.36e-08,-0.0009375
6.364e-08,-0.00096875
6.368e-08,-0.000992187
6.372e-08,-0.00114062
6.376e-08,-0.001375
6.38e-08,-0.00153125
6.384e-08,-0.00149219
6.388e-08,-0.00121094
6.392e-08,-0.000867187
6.396e-08,-0.000695312
6.4e-08,-0.000757812
6.404e-08,-0.000945312
6.408e-08,-0.00103125
6.412e-08,-0.000914062
6.416e-08,-0.000757812
6.42e-08,-0.000703125
6.424e-08,-0.000710937
6.428e-08,-0.000789062
6.432e-08,-0.000882812
6.436e-08,-0.00101562
6.44e-08,-0.00117187
6.444e-08,-0.00132031
6.448e-08,-0.00132031
6.452e-08,-0.00120312
6.456e-08,-0.00100781
6.46e-08,-0.000859375
6.464e-08,-0.000765625
6.468e-08,-0.000703125
6.472e-08,-0.0006875
6.476e-08,-0.00075
6.48e-08,-0.000835937
6.484e-08,-0.00101562
6.488e-08,-0.00111719
6.492e-08,-0.00117969
6.496e-08,-0.00110156
6.5e-08,-0.00096875
6.504e-08,-0.00084375
6.508e-08,-0.0008125
6.512e-08,-0.000914062
6.516e-08,-0.00100781
6.52e-08,-0.00111719
6.524e-08,-0.00116406
6.528e-08,-0.00120312
6.532e-08,-0.00115625
6.536e-08,-0.00110937
6.54e-08,-0.00109375
6.544e-08,-0.00114062
6.548e-08,-0.00122656
6.552e-08,-0.00121094
6.556e-08,-0.0010625
6.56e-08,-0.000960937
6.564e-08,-0.00103125
6.568e-08,-0.00117969
6.572e-08,-0.00126562
6.576e-08,-0.00115625
6.58e-08,-0.000992187
6.584e-08,-0.000921875
6.588e-08,-0.0009375
6.592e-08,-0.000929687
6.596e-08,-0.000773437
6.6e-08,-0.000609375
6.604e-08,-0.000710937
6.608e-08,-0.00103125
6.612e-08,-0.00139062
6.616e-08,-0.00153906
6.62e-08,-0.00132812
6.624e-08,-0.000992187
6.628e-08,-0.0006875
6.632e-08,-0.000609375
6.636e-08,-0.0006875
6.64e-08,-0.00075
6.644e-08,-0.00084375
6.648e-08,-0.000945312
6.652e-08,-0.00107031
6.656e-08,-0.00114844
6.66e-08,-0.00111719
6.664e-08,-0.00101562
6.668e-08,-0.000992187
6.672e-08,-0.000976562
6.676e-08,-0.000945312
6.68e-08,-0.000835937
6.684e-08,-0.000851562
6.688e-08,-0.00096875
6.692e-08,-0.00120312
6.696e-08,-0.00123437
6.7e-08,-0.00109375
6.704e-08,-0.000921875
6.708e-08,-0.000867187
6.712e-08,-0.0009375
6.716e-08,-0.00103125
6.72e-08,-0.000976562
6.724e-08,-0.000914062
6.728e-08,-0.000898437
6.732e-08,-0.000929687
6.736e-08,-0.000867187
6.74e-08,-0.000820312
6.744e-08,-0.0008125
6.748e-08,-0.000960937
6.752e-08,-0.00111719
6.756e-08,-0.00124219
6.76e-08,-0.00124219
6.764e-08,-0.001125
6.768e-08,-0.00107812
6.772e-08,-0.00104687
6.776e-08,-0.00109375
6.78e-08,-0.00107812
6.784e-08,-0.00096875
6.788e-08,-0.000820312
6.792e-08,-0.000757812
6.796e-08,-0.0008125
6.8e-08,-0.000929687
6.804e-08,-0.00104687
6.808e-08,-0.00102344
6.812e-08,-0.00096875
6.816e-08,-0.0009375
6.82e-08,-0.000945312
6.824e-08,-0.000914062
6.828e-08,-0.00090625
6.832e-08,-0.000914062
6.836e-08,-0.00103906
6.84e-08,-0.00117969
6.844e-08,-0.0013125
6.848e-08,-0.0013125
6.852e-08,-0.00123437
6.856e-08,-0.00117187
6.86e-08,-0.00113281
6.864e-08,-0.00103906
6.868e-08,-0.000921875
6.872e-08,-0.00075
6.876e-08,-0.000640625
6.88e-08,-0.000734375
6.884e-08,-0.000921875
6.888e-08,-0.00111719
6.892e-08,-0.00114844
6.896e-08,-0.00102344
6.9e-08,-0.000890625
6.904e-08,-0.00078125
6.908e-08,-0.000789062
6.912e-08,-0.000820312
6.916e-08,-0.000804687
6.92e-08,-0.000828125
6.924e-08,-0.000976562
6.928e-08,-0.00127344
6.932e-08,-0.0014375
6.936e-08,-0.00142969
6.94e-08,-0.0011875
6.944e-08,-0.000921875
6.948e-08,-0.000742187
6.952e-08,-0.000671875
6.956e-08,-0.00071875
6.96e-08,-0.000710937
6.964e-08,-0.000757812
6.968e-08,-0.000757812
6.972e-08,-0.00078125
6.976e-08,-0.00075
6.98e-08,-0.00075
6.984e-08,-0.000804687
6.988e-08,-0.000757812
6.992e-08,-0.000648437
6.996e-08,-0.00046875
7e-08,-0.000382812
7.004e-08,-0.000476562
7.008e-08,-0.000703125
7.012e-08,-0.000914062
7.016e-08,-0.00101562
7.02e-08,-0.000898437
7.024e-08,-0.000742187
7.028e-08,-0.00059375
7.032e-08,-0.000625
7.036e-08,-0.000804687
7.04e-08,-0.000921875
7.044e-08,-0.000960937
7.048e-08,-0.0008125
7.052e-08,-0.000757812
7.056e-08,-0.000921875
7.06e-08,-0.00110156
7.064e-08,-0.001125
7.068e-08,-0.000875
7.072e-08,-0.000484375
7.076e-08,-0.000273437
7.08e-08,-0.000375
7.084e-08,-0.000773437
7.088e-08,-0.00110156
7.092e-08,-0.00122656
7.096e-08,-0.00110937
7.1e-08,-0.000898437
7.104e-08,-0.00075
7.108e-08,-0.000695312
7.112e-08,-0.00065625
7.116e-08,-0.00053125
7.12e-08,-0.000476562
7.124e-08,-0.00059375
7.128e-08,-0.000804687
7.132e-08,-0.001
7.136e-08,-0.00107031
7.14e-08,-0.000992187
7.144e-08,-0.000773437
7.148e-08,-0.000570312
7.152e-08,-0.000375
7.156e-08,-0.00040625
7.16e-08,-0.000546875
7.164e-08,-0.000765625
7.168e-08,-0.000882812
7.172e-08,-0.000953125
7.176e-08,-0.0010625
7.18e-08,-0.0010625
7.184e-08,-0.000921875
7.188e-08,-0.000664062
7.192e-08,-0.00053125
7.196e-08,-0.000523437
7.2e-08,-0.000671875
7.204e-08,-0.000757812
7.208e-08,-0.000703125
7.212e-08,-0.000578125
7.216e-08,-0.000460937
7.22e-08,-0.000429687
7.224e-08,-0.000460937
7.228e-08,-0.000484375
7.232e-08,-0.000460937
7.236e-08,-0.000476562
7.24e-08,-0.000523437
7.244e-08,-0.000625
7.248e-08,-0.000671875
7.252e-08,-0.000734375
7.256e-08,-0.000734375
7.26e-08,-0.000679687
7.264e-08,-0.00053125
7.268e-08,-0.000359375
7.272e-08,-0.000226562
7.276e-08,-0.000257812
7.28e-08,-0.000429687
7.284e-08,-0.000679687
7.288e-08,-0.000875
7.292e-08,-0.000914062
7.296e-08,-0.000742187
7.3e-08,-0.000523437
7.304e-08,-0.000484375
7.308e-08,-0.000609375
7.312e-08,-0.000757812
7.316e-08,-0.000703125
7.32e-08,-0.000523437
7.324e-08,-0.000351562
7.328e-08,-0.000476562
7.332e-08,-0.0006875
7.336e-08,-0.000789062
7.34e-08,-0.000710937
7.344e-08,-0.0005
7.348e-08,-0.000359375
7.352e-08,-0.000304687
7.356e-08,-0.000289062
7.36e-08,-0.000375
7.364e-08,-0.0005
7.368e-08,-0.000539062
7.372e-08,-0.00053125
7.376e-08,-0.000460937
7.38e-08,-0.000453125
7.384e-08,-0.0005625
7.388e-08,-0.00071875
7.392e-08,-0.000804687
7.396e-08,-0.000640625
7.4e-08,-0.000484375
7.404e-08,-0.0004375
7.408e-08,-0.000554687
7.412e-08,-0.000734375
7.416e-08,-0.000828125
7.42e-08,-0.00084375
7.424e-08,-0.000890625
7.428e-08,-0.00096875
7.432e-08,-0.00096875
7.436e-08,-0.000734375
7.44e-08,-0.00040625
7.444e-08,-0.000226562
7.448e-08,-0.000289062
7.452e-08,-0.000453125
7.456e-08,-0.000515625
7.46e-08,-0.000453125
7.464e-08,-0.0003125
7.468e-08,-0.000226562
7.472e-08,-0.000304687
7.476e-08,-0.000492187
7.48e-08,-0.000734375
7.484e-08,-0.000875
7.488e-08,-0.000882812
7.492e-08,-0.00078125
7.496e-08,-0.000679687
7.5e-08,-0.00059375
7.504e-08,-0.000554687
7.508e-08,-0.000414062
7.512e-08,-0.000296875
7.516e-08,-0.000296875
7.52e-08,-0.000492187
7.524e-08,-0.000757812
7.528e-08,-0.000898437
7.532e-08,-0.00084375
7.536e-08,-0.000648437
7.54e-08,-0.000484375
7.544e-08,-0.000539062
7.548e-08,-0.000710937
7.552e-08,-0.000851562
7.556e-08,-0.000734375
7.56e-08,-0.000523437
7.564e-08,-0.000429687
7.568e-08,-0.000507812
7.572e-08,-0.0006875
7.576e-08,-0.000664062
7.58e-08,-0.000570312
7.584e-08,-0.000515625
7.588e-08,-0.000609375
7.592e-08,-0.000773437
7.596e-08,-0.000851562
7.6e-08,-0.00084375
7.604e-08,-0.000789062
7.608e-08,-0.000710937
7.612e-08,-0.0005625
7.616e-08,-0.000382812
7.62e-08,-0.000234375
7.624e-08,-0.000351562
7.628e-08,-0.000515625
7.632e-08,-0.000625
7.636e-08,-0.000539062
7.64e-08,-0.000421875
7.644e-08,-0.000359375
7.648e-08,-0.000367187
7.652e-08,-0.000367187
7.656e-08,-0.00021875
7.66e-08,-0.000109375
7.664e-08,-0.000132812
7.668e-08,-0.000289062
7.672e-08,-0.000539062
7.676e-08,-0.000664062
7.68e-08,-0.000679687
7.684e-08,-0.000515625
7.688e-08,-0.000398437
7.692e-08,-0.000296875
7.696e-08,-0.000265625
7.7e-08,-0.000320312
7.704e-08,-0.000328125
7.708e-08,-0.000328125
7.712e-08,-0.000351562
7.716e-08,-0.000460937
7.72e-08,-0.000609375
7.724e-08,-0.000804687
7.728e-08,-0.000929687
7.732e-08,-0.000945312
7.736e-08,-0.000882812
7.74e-08,-0.000773437
7.744e-08,-0.000773437
7.748e-08,-0.000828125
7.752e-08,-0.00084375
7.756e-08,-0.000710937
7.76e-08,-0.000546875
7.764e-08,-0.000515625
7.768e-08,-0.000703125
7.772e-08,-0.000960937
7.776e-08,-0.000929687
7.78e-08,-0.000601562
7.784e-08,-0.000125
7.788e-08,9.37501e-05
7.792e-08,-3.90624e-05
7.796e-08,-0.000335937
7.8e-08,-0.0005625
7.804e-08,-0.000609375
7.808e-08,-0.0005625
7.812e-08,-0.000585937
7.816e-08,-0.000609375
7.82e-08,-0.000523437
7.824e-08,-0.000390625
7.828e-08,-0.000257812
7.832e-08,-0.000273437
7.836e-08,-0.000382812
7.84e-08,-0.000453125
7.844e-08,-0.0004375
7.848e-08,-0.000382812
7.852e-08,-0.000375
7.856e-08,-0.000398437
7.86e-08,-0.000304687
7.864e-08,-0.00021875
7.868e-08,-0.000109375
7.872e-08,-0.000101562
7.876e-08,-0.000210937
7.88e-08,-0.000320312
7.884e-08,-0.00040625
7.888e-08,-0.000476562
7.892e-08,-0.000570312
7.896e-08,-0.000796875
7.9e-08,-0.000976562
7.904e-08,-0.00103125
7.908e-08,-0.000914062
7.912e-08,-0.000679687
7.916e-08,-0.000523437
7.92e-08,-0.0005
7.924e-08,-0.000484375
7.928e-08,-0.000453125
7.932e-08,-0.00034375
7.936e-08,-0.0003125
7.94e-08,-0.000367187
7.944e-08,-0.000453125
7.948e-08,-0.000492187
7.952e-08,-0.000445312
7.956e-08,-0.000398437
7.96e-08,-0.0004375
7.964e-08,-0.000617187
7.968e-08,-0.000789062
7.972e-08,-0.00084375
7.976e-08,-0.000640625
7.98e-08,-0.000421875
7.984e-08,-0.000335937
7.988e-08,-0.000421875
7.992e-08,-0.00053125
7.996e-08,-0.0005
